张一山,1049983
左宏元,6670
知性的小方块,1049276
张宇桦,794076
张文成,12261191
张振宇,6520
张明敏,6501
张阳阳,992001
张鸿宇,1026080
张北北,6936
张洪量,6481
赵鑫,10704
张渠,1071044
郑建鹏,6752
张津涤,6676
祝贺,6982
张过年,6488
周震南,12917484
张穆庭,12154356
郑海龙,229274
周志华,6661
赵季平,6509
詹昊晁,1097002
张磊,1132738
周星驰,1049200
在忠,30891458
中国放碟者,1043044
张小厚,12355484
左立,816009
郑冰冰,1060061
钟汉良,6492
周国贤,6497
郑俊弘,939083
子明,12172114
钟明秋,6692
张镐哲,6494
张智成,6476
周云蓬,6461
正云,1047307
张亮,864025
张克帆,6500
Q.luv,187624
赵烁,952073
周品,942075
G.E.M.邓紫棋,7763
王贰浪,14312549
花粥,8103
丫蛋蛋,29999237
蔡健雅,7214
陈粒,1007170
赵方婧,12023202
孙燕姿,9272
陈雪凝,12382970
王菲,9621
双笙,12025552
Uu,32208979
田馥甄,9548
程佳佳,31802946
任然,9255
莫文蔚,8926
雷雨心,1137391
等什么君,30285885
买辣椒也用券,12085562
杨千嬅,10204
周思涵,12292708
A-Lin,7063
薛明媛,12408182
戴羽彤,12867228
黄诗扶,12308369
王胜娚,9808
二胖u,12923493
银临,188565
金玟岐,893259
superluckyqi,30700959
王玉萌,30285508
周笔畅,10558
曲肖冰,12419710
陈壹千,12077204
林忆莲,8336
徐佳莹,9940
袁娅维,10473
封茗囧菌,12172529
韩红,7891
蔡依林,7219
梁静茹,8325
苏晗,32725601
刘若英,8326
杨胖雨,31051426
AY楊佬叁,12258420
HITA,7898
NINEONE#,12276375
于果,12262303
张碧晨,1024308
谢春花,1039895
锦零,12277185
吴奕妤,12797890
AGA,768208
蓝心羽,30207301
洛天依,906118
杨丞琳,10199
陈慧娴,7225
VaVa毛衍七,1038099
小星星Aurora,13288117
张惠妹,10559
Aki阿杰,188558
谢安琪,9952
司南,28863695
丁芙妮,12206844
阿肆,7122
很美味,12358435
你的二智bb,32674400
李瑨瑶,12038016
张芸京,10572
萨顶顶,9270
不才,961358
徐海俏,12037181
宿羽阳,12459252
邓丽君,7570
凯瑟喵,12003038
许飞,9941
王天戈,12390184
王梓钰,12048239
岑宁儿,7409
Jam,1071031
木小雅,12037229
三无MarBlue,1056002
刘惜君,8334
郁可唯,10200
曲婉婷,9178
卫兰,9605
王七七,12158146
陈绮贞,7217
妖姬,30109622
耳朵玥,32747902
季彦霖,12262634
吴雨霏,9615
刘至佳,1172023
丸子呦,12382937
糯米Nomi,32042995
玄觞,10142
刘瑞琦,840134
宇西,1158065
阿达娃,32959015
王佳杨,32718404
王贰浪,14312549
丫蛋蛋,29999237
陈雪凝,12382970
双笙,12025552
等什么君,30285885
买辣椒也用券,12085562
周思涵,12292708
戴羽彤,12867228
黄诗扶,12308369
二胖u,12923493
superluckyqi,30700959
王玉萌,30285508
曲肖冰,12419710
陈壹千,12077204
封茗囧菌,12172529
杨胖雨,31051426
AY楊佬叁,12258420
NINEONE#,12276375
锦零,12277185
吴奕妤,12797890
蓝心羽,30207301
小星星Aurora,13288117
司南,28863695
丁芙妮,12206844
很美味,12358435
李瑨瑶,12038016
徐海俏,12037181
宿羽阳,12459252
凯瑟喵,12003038
木小雅,12037229
丸子呦,12382937
宇西,1158065
陳梦嘉,12382064
周星星,12157330
老涵本人,31250007
小时姑娘,12079173
龚子婕JessieG,1213008
郁欢,12271646
D.Mao,12094290
漆柚,12084352
鱿小鱼,13794656
粥粥zxr,31136991
桃十五,12386867
Akie秋绘,12184145
FAFA,13006131
鞠文娴,13112043
卫彬月,12184568
石白其,28175491
于梓贝,30914421
占二曦,30132402
可能是雨雨,30648474
阮豆,12172496
邹念慈,12063092
小嘉玲,27871544
颜妹,13148288
小眼鑫,29581171
西彬,27730696
顾西奇,12065091
野小马,28416044
果妹,12936258
昆玉,12410180
曾雪雅,1217008
麦小兜,12288688
李上安,1198113
李佳思,12120088
澪恩Seiwen,28066477
程嘉敏,12227509
MoreanP,12275337
木秦,12769394
童珺,14810161
歌手Ada,29596157
黑猫,12383659
顾小洁,27869456
李春花,27907665
大柯,28186342
以冬,12065133
洛尘鞅_vvv,12205120
LuluSweety,31162519
阮言Ruany,13286226
王欣宇,12185714
CANNIE(晴子),12064097
Sawako碎花,12292130
习谱予,12472506
灿烂C.L,13103035
你的九儿,31990599
千月兔,12111209
朵蜜天女JOY,12226971
万玲琳,1160094
Quinn葵因,12291562
kidult.,12194916
齐悦,12071053
七元,30378281
Biscuits,12120174
夏璃夜,12236114
倪莫问,12140348
胖虎小姐姐,30004231
欧阳耀莹,13451731
青橙Touko,12473039
Yusee,30704897
李哈哈,13450163
A-Lin,7063
AGA,768208
Aki阿杰,188558
阿肆,7122
阿桑,7061
阿悠悠,31155579
阿细,1049681
艾怡良,167006
阿兰,7076
阿敏,30616365
安九,7138
阿鲁阿卓,7095
安溥 anpu,12170037
安蕾尔,1047035
安又琪,7067
安悦溪,12457016
阿木宇梅,1073068
安琪,7074
艾歌,7117
阿悄,7100
ARIS,12073210
A.LOVE,12896122
阿佳,7080
艾雨,7085
阿轮,7083
安妮,12487130
阿雅,7064
艾菲,784444
阿斯满,7115
ALL-RANGE,27695853
安琴,7120
aniDa,7062
Asat,1047213
阿幼朵,7077
艾敬,7066
安以轩,7060
昂萨,12037079
爱戴,7070
阿朵,7065
Angelababy,7097
艾晓琪,1032110
阿斯根,7118
安妮,15023113
阿君,13974087
奥云格日乐,1124458
艾米AimeeYang,12301246
艾格,12870621
安心亚,7105
阿果,7068
艾丽娅琪琪格,12467116
阿媛,31154593
艾梦萌,7078
阿筎那,7103
艾心,7073
艾贝拉Bella,13972129
艾俐,7081
阿紫酱,12262110
Annye安安,30109675
阿娜丹,7112
艾莉莎,7110
艾丽雅,7116
阿妍,1124124
阿瑶stin,14471206
安芷仪,27888530
爱慧娜,7096
阿喜林育品,1028203
ASUKA,1101117
安顺雨,12061121
鞍安,7079
阿丽玛,7069
艾青,7071
安然,189913
Angelita Li,7098
阿妙,14469163
奥莉,12035030
阿雯,7089
艾晴晴,7075
敖都,223040
安琪拉,12492267
安沫英,12610278
安月,30109451
阿莲,7101
安那,12561006
安娜伊思·马田,12335194
aoi@香菇她妈,12320212
叶雨蒙,12098013
Astor Fong,7099
Anna庄启馨,12458080
Anne,7091
爱烂漫,28387476
AlexiskWong,12136045
安娜,1032400
AC娘,1084057
阿索,1135214
Anonymous,12552450
阿爆,12090100
阿紫,7072
阿美,7108
艾米,1102091
爱纱 (AiSa),1190150
不才,961358
比莉,7169
包包.suyi,12103042
本兮,7200
白冰,7191
Britneylee小暖,894035
本多RuRu,7162
白百何,1047427
巴哈尔古丽,7175
白雪,7159
北岛诗,12828308
白荷,12062106
冰淇,7181
卜冠今,13971119
白晓,7201
白若溪,7189
白光,7160
白婧,7144
拜尔娜,979080
冰冰超人,11973040
白桦树娃娃,976210
白安,7192
冰弦,7195
巴桑,7167
柏文,7172
白云,996332
半刃初蓝,1097160
毕夏,886208
巴奈,7157
包美圣,7158
斑斑,7187
包娜娜,7170
边巴德吉,1054137
毕文婷,12993080
白一墨Bella,12176238
柏安妮,7166
白冰冰,7178
白虹,7174
巴雅尔其其格,7184
贝贝,7171
鲍翠薇,7161
宝罗,7163
巴姆,7207
蓓丽,7185
贝贝,12023562
白鹿,12603258
卜星慧,12107182
宝玲,7186
鲍蕙荞,7194
咘咘,13581186
包晗言,12250204
步瑶,12630192
白颜,31329168
白杨,7193
巴桑拉姆 ,797151
百灵,12209035
卜小可,1046066
Bella.芋头,1156174
贝影,12576094
白文文,1132806
千幻入梦,1033010
碧娜,7165
白雪,7202
鲍正芳,7180
巴度,7164
BING,1174030
白雪,12274048
白萍,12033053
蓓蕾,157651
宝佩如,7176
白天菲,12809125
白茔,7209
贝贝,30615479
毕兰婷,12073384
白雅彤,927026
宝宝,28897343
博妹,30470285
布布,791410
碧瑶,896733
白狐婆婆,15023100
包蔓,999218
白痴公主,30349408
柏安,31283514
白托亚,30109248
包甜甜,31155334
别丹,30107456
Barbie,31153282
白久,28391240
白芷嫣,30405258
白思雪,12637072
边熙蕾,30107402
柏雪,12385104
别玉芳,30088218
北北,12347292
白雪莲,28390334
柏皎,12213276
扁扁,27695522
白雪莉,12175024
白鹿墨缘,13579142
白樱,12121276
蔡健雅,7214
陈粒,1007170
蔡依林,7219
陈慧娴,7225
岑宁儿,7409
陈绮贞,7217
陈慧琳,7235
曾惜,1053026
陈洁仪,7439
蔡琴,7220
陈嘉桦,7647
程响,7424
陈芳语,8321
陈淑桦,7224
CRITTY,189347
曹方,7215
茶理理,1003026
曾沛慈,10763
蔡卓妍,7227
崔天琪,7419
蔡淳佳,7221
崔子格,7481
陈僖仪,7486
程璧,973004
陈明,7233
陈秋含,13161063
陈小熊,861203
凑诗,1079020
陈小云,7346
崔阿扎,12416055
陈苑淇,7266
陈珊妮,7216
曾婕Joey.Z,1146112
曾昭玮,12061278
池年,1172029
陈每文,223780
陈韵若,7342
陈洁丽,7244
陈瑞,7228
陈晓琪,7298
程潇,12097022
陈忻玥,13046127
常艾非,7379
陈柯,7363
陈意涵Estelle,27694755
曹芙嘉,7371
Cecile恋,30405265
常静,7242
窜天猴少女599,31153248
陈姿彤,791100
陈力,7461
程小小,1147032
陈雅雯,7264
陈梓童,951001
蔡幸娟,7237
程琳,7238
YEHAIYAHAN,1045013
陈思安,7288
车婉婉,7286
陈娟儿,7399
陈影,7284
曾小Cee,1047211
陈明真,7236
陈意涵,1049131
陈妍希,7524
陈蕾,223976
陈悦,7226
陈红,7308
蔡秋凤,7248
次仁央宗,7402
CANT太子,1049501
Corrinne May,7218
曹艺馨,13058091
蔡佩轩,12326211
残雪,29488347
楚然,12506096
岑日珈,1141009
陈一玲,960004
曾之乔,203161
曾咏熙,12062139
陈松伶,7232
陈思思,7259
陈慧敏,1042003
陈倩倩,7240
陈逗逗,12947152
曾淑勤,10570
曾咏欣,1164045
陈慧珊,7262
柠露,1089157
陈盈洁,7280
陈琳,7234
迟小秋,7492
常思思,7432
陈诗慧,7273
陈宥如,31677073
穿越君,1039897
Choying Drolma,52909
陈思诺,7483
岑雨桥,12278044
曾路得,10660
邓丽君,7570
戴佩妮,7535
邓丽欣,7537
Abudu-Music,13610051
杜婧荧,7591
邓福如,7600
戴爱玲,7538
东方晴儿,12806014
董真,7541
大神慧,13642178
邓瑞霞,10711
窦靖童,181007
邓颖芝,7548
弹唱小蓉,12492619
董文华,7544
黛米,12097087
DJ Soviet,999451
丁丁,166033
邓涛,7592
大冬,13044078
德德玛,7540
丁当,7534
邓文怡,12251309
DJ小星星,1038330
段丽阳,7620
丁薇,7536
戴娆,7542
Doris小武,1038231
戴安娜,189569
DBZ,1046217
丁爽,7590
东方红艳,8093
黛青塔娜,7539
戴辛尉,7553
杜丽莎,7549
呆宝静,9727
DJ曾经,1039917
德乾旺姆,7585
迪丽热巴,12108770
段林希,7612
丹巴旺姆,7631
多哇‧才吉,7616
大山,168016
豆子糖,985006
段玫梅,7545
带泪的鱼,166035
大娇娇,12047158
杜雯媞,14470545
迪里拜尔,7551
杜岩,7546
邓天羽,12262077
段银莹,7580
戴梦梦,7550
戴祖仪,27887619
丁文琪,7543
邓妙华,7547
代悦,7614
邓玉华,7587
邓旭方,13840296
杜美娜,12145095
东方栀子,1049339
董沁,7552
叮当,704012
单秀荣,9414
Dechen Shak-Dagsay,7606
丁菲飞,7557
大王,30469250
嘟嘟姐晶晶,27695965
大若,1004085
呆晴 ,12998471
达娃卓玛,12475153
单艺,14712067
单雯,9376
丹Sir,12872139
邓滢滢,12533721
豆豆,7626
单仰萍,9404
山荼,12143071
达坡玛吉,7576
董育君,7596
董璇,7605
毒药,1116330
戴蕴慧,7562
嘟嘟,7582
德西拉姆,12467069
段红,7628
Dani,14469457
杜雯惠,7563
兜儿,13163208
单丹,797130
丁晓红,7595
东方依依,1097019
董洁,7630
Dawn Fung,7588
Dizzy Dizzo,13226626
段彤,12890195
东方雅儿,27694680
戴梅君,7584
窦佳嫄,12900544
丁倩倩,30107642
二嘉,12976783
二珂,1081635
Elle Qu,12087154
Erika,12046954
二直,1041100
Evin.柒,790026
鄂尔佳明,7645
二薇,30530224
EYLICS,1132666
贰鱼,1043193
Emily,30617594
娥子,14099262
尔玛依娜,7646
恶魔,28897457
Emma ,30024242
Eva,13498161
尔玛阿依,1180043
贰哲,942001
二米,1102228
EKEE,7649
樊桐舟,7680
方雅贤,203162
冯提莫,12107534
冯曦妤,7651
范晓萱,7662
绯村柯北,7730
范玮琪,7652
凤飞飞,7667
千界,1043310
樊竹青,7713
方皓玟,7668
樊梓妍,31064222
付娜,7665
傅颖,7653
方季惟,7654
方糖泡泡,797269
范文芳,7658
方琦,12131582
詹雯婷,12441367
Finale,7738
付梦妮,7705
范琳琳,7709
傅佩嘉,7657
方小菲,7748
火箭少女101傅菁,27692352
方芳,7675
Febmor,7752
冯佳琪,11974075
方瑞娥,7685
方文琳,7664
KuRy颜酱,1132167
冯欣蕊,7725
方怡萍,7682
范小蛙,1047048
冯玮君,7660
方圆,1132405
方雪雯,854750
范冰冰,7655
风语,12463434
方丽盈,7672
付春霞,12108959
冯丽媛,223700
樊韵儿,27693342
法蓝,7656
芳蓉,1050159
范媛媛,12212046
方亚芬,7749
冯颖琪,7661
浮瑶,7698
范怡文,7722
方琼,7718
方伊琪,7691
范上娥,7670
傅锦华,7720
菲儿,30107795
夏云竹,12419108
冯圣雅,7728
樊玲,1005038
枫影儿,1047430
Febe,7744
方妍,12046852
冯健雪,7707
符琼音,7666
方初善,7739
方心美,7732
Fran,991217
范世琪,7702
费坚蓉,7726
方逸华,138672
绯儿,1124367
疯格,12817021
方迩羲,13023059
方子颖,7674
范媛媛,7688
方泳湘,28898359
方圆,7741
风中采莲,7663
方晓青,7681
傅薇,7659
fifi,1026124
方宥心,7727
傅滢滢,771019
方艺谚,12555391
方少珊,961182
范蓁蓁,7712
方丽儿,12096333
范小倩,1080031
冯宝宝,7693
冯家妹,11994031
费星,7684
方鹂鹂,7715
芙蓉姐姐,7745
方艾琳,7758
范安婷,992005
范海荣,7733
付佳明,7673
范萱蔚,7678
方然,12597948
方静音,158392
芳子,7717
G.E.M.邓紫棋,7763
郭采洁,7762
高姗,816358
关淑怡,7768
高胜美,7777
关晓彤,1150075
关诗敏,7864
谷娅溦,7862
葛雨晴,986035
过又嘉,1061047
高慧君,7779
关心妍,7767
龚玥,7771
高梦瑶,12309137
甘萍,7807
郭静,7760
格格,7834
郭美美,7783
龚芝怡,7837
桂莹莹,12186013
官恩娜,7780
郭燕,7378
郭心雨,28103266
郭兰英,7781
关菊英,7773
郭宴,12097107
龚淑均,7866
郭玲,7845
谷建芬,7843
郭艳华,12289529
关牧村,7764
格子兮,908167
桂雨濛,820308
歌者森,7836
高丽霞,12301012
郭欣桐,12458174
关颖,7839
葛仲珊,8320
郭晓艳,12274300
龚琳娜,7785
郭乔伊,7795
耿巧云,854289
郭易,7772
高佳依,1081746
高维那,7126
Grace,28389489
顾莉雅,7789
古璇,7782
龚诗嘉,7765
乖白,12895024
郭津彤,1047177
葛兰,156377
郭嘉璐,7784
郭妮,1049250
贯诗钦,7874
郭欢,7861
官灵芝,7812
郭书瑶,7824
高晨薇,7876
龚秋霞,7858
管波,854292
干露露,686027
关之琳,7799
咕噜默,30531264
郭美孜,7791
郭涛,11999082
龚隐雷,7883
龚爽,12436072
贡米,7841
弓秀丽,7877
孤竹翊,1064018
巩俐,7870
葛洛力,7796
郭淑珍,7814
高隽雅,28083376
甘雅丹,7793
郭慧敏,7906
格格,12155285
Gloria Tang,7833
葛瑞莲,7819
鬼鬼,12493255
郭小妹,15021191
谷祖琳,7801
郭娅丽,12053098
岗嘎措,1046252
葛荟婕,11986017
关燕萍,7852
郭蓉,7878
高娜,7798
郭飞宏,12107038
瓜尔加,7847
龚柯允,7774
顾媚,7810
顾瞳瞳,1047143
管罄,7809
郭芯其,7792
尕尔迪,1054157
娜扎,1116138
郭雪芙,14512460
高咏梅,12441043
花粥,8103
韩红,7891
HITA,7898
黄龄,7890
胡66,12947071
黄小琥,7896
何曼婷,8022
花姐,14099603
何洁,7907
火箭少女101,27693474
HAMY何美延,13227448
火箭少女101段奥娟,28389406
黄雅莉,7901
胡杨林,1021056
火箭少女101赖美云,30406251
黄绮珊,7946
贺敬轩,12098150
花僮,1026069
黄伊汶,7935
韩雪,7894
胡莎莎,805488
何璐,7920
火箭少女101孟美岐,12098023
黄韵玲,7893
黄莺莺,7903
韩旭,1192131
花玲,14885023
海楠,7993
胡杏儿,7931
何雁诗,8044
韩宝仪,7912
黄鹤,168011
黄玠玮 Zooey Wonder,976095
胡艾彤,1015463
黄英,8006
花世,1048023
侯湘婷,7895
涵哥儿,30617693
火线妹,13497194
SHIMICA黄宇希,854455
黄江琴,7922
洪辰,8029
杭娇,7998
黄琬婷,7919
黄灿,8009
哈琳,7902
郝蕾,7995
黄慧音,7900
黄宝欣,7924
何欣穗,7887
胡芳芳,8017
灰色,8062
胡雯,7944
胡琳,7925
黄小桢,7888
花近,12073702
胡灵,7958
贺世哲,8066
黄思婷,7923
黄淑惠,7897
韩晶,7905
黄乙玲,7914
侯莉君,8100
黄美珍,8107
胡可,12335239
何婉盈,7932
韩丹彤,12388037
杭天琪,7964
何真真,7892
红料,1047301
何嘉丽,7917
黄婧,964292
衡越,7972
火箭少女101吴宣仪,12098027
胡小斐,13568114
海酥,8075
胡定欣,12164015
胡丹丹,8112
何伊冉,1047385
HAMA陈缇,849066
哈辉,8039
黄婉婷,8011
黄敏华,7942
四四,1038350
何婧婧,13973290
胡卡卡,30110390
何莹,8015
黄圣依,7934
黄星侨,12825497
黄晶,861226
胡静,7959
赫赫,12614018
胡月,7960
花不弃,12492254
胡龄萌,1081075
黄妃,7911
胡蓓蔚,7916
韩再芬,8057
何耀珊,7910
何静,7982
IRiS七叶,1047209
ikun安心,13972144
Irina,29961284
Irina Flow,30111247
Iris安,12263155
Aribex,1080043
金玟岐,893259
Jam,1071031
季彦霖,12262634
金莎,8259
鞠婧祎,1032298
金海心,8151
Joysa,31154265
Jasmine Sokko,12131303
金南玲,8281
JC陈泳彤,12347360
江语晨,8153
江映蓉,8220
蒋雪儿,8234
江美琪,8147
吉克隽逸,166018
JW,8229
joysaaaa,31155300
Julia Wu,1108099
江蕙,8163
叫宝宝,15021242
佳利,12859049
江珊,8170
蒋一侨,12130015
贾玲,952093
JUSF周存,1066136
降央卓玛,8332
金池,8162
江疏影,13058516
景甜,8210
HANA,12273317
JUDE,1097156
J.Arie,1015649
杰妮,27694330
金雯昕,12250146
江一燕,8155
瞿颖,9154
蒋欣,12043068
井宿,1039270
净土Pure Land,995003
金铭,8243
蒋倩,8205
蒋小涵,8242
江若琳,8157
纪川久,1047384
江淑娜,8156
金娃娃,8245
金美熙,8214
荆纯,12492472
金晓纯,1048009
家雯,8189
JE张,1039006
伽菲珈而,8149
涓子,8256
Jeannie Hsieh ,1097007
纪丹迪,8177
敬善媛,10247
江轩,12545030
解伟苓,10107
姜昕,8146
寂悸,976213
蒋京逾,14468176
金属锇,31155372
金佩姗,8166
金伶,8289
纪文惠,8251
蒋婷,8238
蒋嘉莹,8201
纪如璟,8176
金琳,1047069
蒋丽萍,8164
蒋姗倍,7143
姜梓新,12145087
贾孟昕,1049568
蒋卓乐,8226
九渊,1047362
贾立怡,8152
季艾莉,8173
季欣霈,8154
Jenny伊,1039386
金品妍,12355697
蒋婴,1081757
江希文,8160
江子修,1047261
吉特巴,1047338
江玲,8174
家家,690001
纪晓君,8150
姜小青,8158
贾静雯,8274
京晋,1060045
简廷芮,203133
姜小团,12559143
金玲,8218
吉娜,8192
蒋薇,8250
金钰儿,12154070
静婷,8207
嘉琳,8196
景心妍,8237
鞠秀芳,8208
邝美云,8304
可乐就是力量,15059542
括号君,1047179
侃侃,8291
可泽,1096076
柯子颜,12995419
康妮,29238347
柯以敏,8298
Karencici (林恺伦),13110849
Karey天天,844760
可歆,189833
康貞蘭,13227493
柯泯薰,1043475
KAMA,12251197
孔莹,8312
凯蒂·莉莎,837334
柯佩磊,8294
可晴,8301
K娃,8316
卡小卡,13163285
可儿,8315
可可,12036070
匡桐菲,12302273
KUNS_Radiance,15022268
咖妃,14469143
KAKA,12138430
恺乐,12095163
苦菜花,8300
孔肖吟,1124490
可岚,8295
Kiya余霖子,29490400
badjazzsinger,1124319
孔宪孜 Kyrie,1044148
kuns Fairy守护站,15022267
柯以柔,8296
可心,934062
康佃云,28361234
况明洁,8299
卡伊拉,12892084
孔兰薰,8297
KinmiDai,14098079
柯庭燕,8311
邝文珣,8293
孔兰兰,1156187
凯西Cathy,30616240
可儿,12136040
康净淳,8292
康苗,789431
卡丽妲,12036024
咖喱咖啡,30315424
可佳,8303
Kylie Choy,7502
空谷幽兰,30903259
kayi大头佳,8308
康澍,1001007
kano-卡诺,31156632
King菲,31153447
柯徽,31053232
康芮,29490415
Kelly 家蓁,30528408
柯琴琴,28103283
孔译晗,27695360
空杉,27696035
柯秋雅,12440064
kiki,15249067
卡普普,12363016
孔筱丹,14711123
客家妹子燕琴,12218192
寇丹,12098015
K娜,1120016
可艺,791147
SukkiTu,1094112
孔莲波,30446697
可可薇娜,1087696
Kenneth,29490313
Katarina Garcia,961104
孔德儀,27693797
KeyKi,868132
康婵玉,15023153
康瑞莹,13839118
孔珍,14713041
Kara,12332282
酷七,13972413
苦荞儿,1085090
柯梦婷,12506161
kenny兮儿,1040022
孔媛,12151021
孔令晴,1039758
柯佳青,831546
孔子雯,8322
柯美利,8318
孔令怡,8306
雷雨心,1137391
林忆莲,8336
梁静茹,8325
刘若英,8326
洛天依,906118
刘惜君,8334
刘至佳,1172023
刘瑞琦,840134
泠鸢yousa,1047282
梁咏琪,8329
卢巧音,8330
刘珂矣,918054
李宇春,8327
李昕融,12996503
李翊君,8353
乐正绫,1102240
浪哥,30618483
雷婷,8434
李佳薇,8753
李玟,8331
连诗雅,8665
李奕遐,1192137
刘沁,8344
刘力扬,8341
蓝又时,8328
李悦君Ericaceae,8678
刘小慧,8391
龙梅子,8711
刘增瞳,12176360
娄艺潇,714027
乐思言,14469397
黎瑞恩,8358
梁心颐,8677
李玲玉,8378
刘柏辛Lexie,1124151
刘思涵,784453
刘涛,704004
李丽芬,8345
李幸倪,8653
林二汶,8687
林斜阳,1048004
鲁向卉,893253
刘初寻 (二逗),12997045
李想Evelyn,1047130
林依晨,8335
路绮欧,8340
李尤,8399
李霄云,8614
龙飘飘,8364
刘明湘,12142097
柳妍熙,896457
林凡,8350
洛萱,12074932
梁文音,8337
李梦瑶,13227015
刘丹萌,8873
泠风,12541056
李谷一,8349
李柏凝,837653
林志美,8366
刘人语,28899411
刘奕辰,12054282
李蕙敏,8385
萝莉大大,12998452
李伊曼,27693791
林宝,8417
刘忻,8648
林采欣,784452
李嘉格,1081293
丽江小倩,8763
林翠萍,8550
林姗姗,8384
李潇潇,188337
李昊嘉,8700
林可欣,12505170
李殊,8416
罗震环,8627
刘嘉玲,8402
李娜,8355
李佳璐,8735
李慧珍,8324
雷光夏,8323
吕雯,8452
刘媛媛,8566
李沫萱,1039154
黎姿,8386
楼一萱,1043378
林妙可,8626
雷米,14098480
李思雨,27695983
蓝琪儿,8704
李鑫玲,12783100
龙千玉,8437
凌之轩,1049151
林和夜,8750
林心如,8362
李菲儿,1044229
梁一贞,8583
厉娜,8413
Luvea,8837
莫文蔚,8926
VaVa毛衍七,1038099
梅艳芳,8918
毛阿敏,8921
孟庭苇,8922
冥月,9026
玛莉亚,8930
莫艳琳,8916
麦家瑜,8979
门丽,8993
马郁,8920
M哥,13498785
马马,13972281
梦璟SAYA,9031
梦然,9039
莫凝,9019
孟佳,649505
缪晓铮,8944
猫咪呀,27889362
孟慧圆,12091129
马伊琍,29488421
马思纯,13222377
沫,30615294
孟萌,1047235
末小皮,8992
毛泽少,1007158
莫安琪AngelMo,1032022
莫籽,13838174
曼里,8934
马雨梵,12041050
慕容晓晓,8997
宓姝,12262328
Maggie麦,12629342
「么凹」,1081251
米线,8925
Mona Lavi,14056204
闵惠芬,8928
茉茉天空,1024320
麦贝夷,166002
马吟吟,8982
MusikM,1132178
梦柠,12810146
Mickey Huang,12408287
莫尔根,8935
林伊婕,1050400
缪以欣,12091165
麦洁文,8927
莫倪moni,1124291
Moe刘玥,9016
孟蕾,8999
明玥,8995
梦苇,12006234
苗圃,8952
MC安可儿,12311481
缦珠莎桦,1043366
孟楠,8931
Monica不不,1053041
木紫紫,1088106
马蕊,8947
Bella,1046025
梦鸽,8966
莫龙丹,893592
莫露露,1044216
马格,8917
MC梦桐,12260280
Miss D.D,9041
梦洛伊,1048043
缪纪君,14884056
缪莹,8976
梦雪,12202482
马玉涛,8961
马沂茹,961096
莫诗旎,1049539
马昕,12556233
马琳,230484
MC大云,12475379
蜜桃学妹,29151353
梦寒,1032409
妙静鸥,13497461
孟媛,12176172
玫子,8923
马剑芬,735044
梅子,177079
莫小滢,7149
Mida,8971
马丽,12232092
马一菲 ,12034060
猫女林,14714156
马小倩,8940
莫君倾,9028
沫沫酱,12006156
马怡静,8958
MC妹儿,12475693
麦琪夏禾,9001
马兰,8985
蒙曼,894032
毛一涵,12492615
嫚孋,8994
苗煜萌,12523317
莫熙儿,9030
那英,9061
娜美,31156285
那广子,1094028
纳兰珠儿,12263033
南铃子,12273309
聂薇,687013
匿名情书,29357236
柠檬茶,12809126
纳兰,9083
Nana,9056
倪雅丰,9062
宁静,9081
倪睿思,9055
牛奶白,12073182
納蘭落雪,1087531
妮那（Nena）,9890
娜木拉,12073095
鸟爷ToriSama,1032272
倪尔萍,12141065
娜仁齐齐格,9068
娜日,9082
你先走我殿后沐沐,15023013
南妮,9066
娜宝儿,1147055
倪尔萍,9074
念蓁,1049438
NaCl盐,15022294
诺尔曼,9067
妮妮,12034054
倪纯,9070
楠楠,12036067
倪梓悠,12121304
聂枫,9053
念阳凡懿,28103445
倪敏芝,9049
聂琳,9064
糯米团子,31047267
聂诗,1087795
宁可,9085
Nangolie,1046146
倪珈,9080
Nona_Q,784350
南表妹,12132071
倪夕婷,13707278
asdh,1058038
南湘,12036065
南玎NAFISA,1039210
过气小牛奶,1085005
倪虹洁,9054
牛牛,12090083
倪家燕 ,15021285
霓娜,12334194
诺诗,1182163
诺诺,12036014
NIKO,1091011
楠艺,30616540
娜布其,9059
女友站,30107272
闹闹,27692443
Nop,30528285
暖儿,12916523
哪吒在此,9052
Nicoco,9079
聂楚桐,12468325
南海静,13579206
Nicole,1049194
奶黄包,27692403
妞儿,31664354
女神婷,30531307
妞妞,30109730
妮楠,30109711
宁娟,30109702
牛姐,30107323
楠艺,15248074
女王婷,29490447
牛雪梅,12121194
宁子,28103531
聂伊菲,1053098
娜拉,13158035
倪微晨,9086
楠歌,12506851
宁艺艺,30110360
Namei 娜美,12270719
纳妮,29354308
Natalia Ng 黄彩菱,12219055
暖小兮,27889224
牛欣妍,12175311
念贤儿,27693380
妮妮荩苒,12151023
南方晶晶,13222320
诺言,12090135
闹宝,12975652
牛帛媛,1032259
倪子越,12488072
那娜,9063
纳格雨轩,12311552
宁菲儿,28900425
娜丫头,12213116
乃文娟,28085373
聂小雪,12053536
欧阳娜娜,1087140
欧阳朵,12301023
Olivia Ong,9094
欧阳菲菲,9103
欧姐,12053011
欧阳雪,9100
欧倩怡,9087
One day-93加油站,13056628
Orulico,9092
欧阳贝儿,30615566
欧阳来琴,30110460
OUR,12121134
欧欧,1191108
OwlMan,1193422
only胡迪,977048
欧阳夏丹,1047438
欧阳铭芮,9096
欧雯,27693337
欧咏怡,13227011
欧阳英姿,12074609
欧阳莎莎,12230015
欧阳玲玲,9097
Oioselen!,1135203
Odding,9093
OnPound,1050255
loser_XC,991051
欧阳明琪,9099
彭羚,9106
彭佳慧,9102
彭芳,9105
Pig小优,11975104
潘美辰,9104
彭家丽,9112
彭丽媛,9108
潘越云,9109
潘紫妍,12523504
潘虹樾,9114
浦琦璋,9147
彭野,962431
Padalecki小明,1088115
彭青,9132
彭雨菲,9131
彭清,9113
破音,9143
潘辰,9126
彭筝,1043485
潘悦晨,30616577
PINAR,12132190
裴紫绮,9140
潘军,9118
彭琦,12636887
潘倩倩,1047379
PADA,9136
潘嘉丽,9107
彭丽丽,9128
潘迪华,9111
潘秀琼,9129
潘小芬,1019016
潘玮仪,9135
沛琦,30615234
潘莎,9146
彭靖惠,9101
潘娥青,9149
潘阳,9110
潘柔邑,12621100
彭丽嘉,12024295
朴惠子,12263888
彭雅萍,691004
潘怡慈,1064046
彭海桐,9121
Panda猫,30615409
彭美琪,12279939
彭莉,9117
朴芳芳 ,27889412
蒲紫薇,1032187
潘仪君,9120
苹果姐,30615336
彭超,9127
潘儿,9119
潘伊琳,12213293
浦洁,12073609
彭雪,787055
潘丽丽,9116
飘飘姐,27694734
潘霜霜,28391403
飘零的秋菊,30035248
潘斯蒙,12774883
飘飘,12131166
潘惠茹,12144123
潘丽莉,9123
潘婉婷,30617611
佩希,9151
PYC,13924074
潘羽霏,12408235
裴育,743254
潘清华,232483
彭春霞,9115
品安,31615936
彭心雨,31094427
苹果妹妹,31064228
平妹儿,30528331
葡萄,30618588
泡儿,30316431
潘淑芸,30110348
泡泡糖,30315475
蒲萄,28387488
彭燕飞,27694151
彭天琪,12468152
佩珊,14956179
裴亚荣,12262800
潘妹平,12908139
彭彭,1039568
蒲紫微,12896287
飘雨了,1039564
潘晓琦,12330043
品月,9124
菩慧阿佳,12278011
潘大曼,30618349
泡沫,1120031
潘芳,30415225
普里,1057203
潘天乐,28391245
潘虹羽,1053191
PEACE靖,14198641
Proud Queen,1046143
蒲果果,14098297
杨青P.A.M,1039443
曲婉婷,9178
齐豫,9167
戚薇,9203
清弄,1047014
祈Inory,189577
球球,13642185
莅宣,12285030
区文诗,9090
圈9,12108564
庆庆,12108537
晴愔,1046506
裘海正,9156
秦岚,203172
曲艳娇,31155245
圈圈宝贝,9199
齐栾,9197
乔维怡,9176
祁紫檀,1049443
曲锦楠,9179
千百惠,9161
乔欣,12042059
曲尼次仁,9189
芊蔚,30891245
乔玲儿,12131157
倾夜,1047188
千年破晓,1015636
秦洋,12766324
囚鸟,12150027
丘采桦,9160
清莞,9192
秦宇子,1024311
秦海璐,9152
曲拉,13582350
千百顺,1043396
琪琪格,9186
钱薇娟,9164
清响,1021217
曲旦卓玛,9217
琼英·卓玛,975786
钱惠丽,234856
勤琴,9153
邱芸子,9208
清流木棉,31523994
曲丹,9202
PEACHYOI,1081748
琼雪卓玛,9158
曲比阿乌,9172
齐浠儿,962286
全璟璟,8193
齐雅,9224
屈慧,1003075
卿卓茜 ,1039007
青子,1081285
青儿,9157
乔乔,12229028
秦兽,1050483
其其格玛,9190
清如言,31704735
邱绮玲,9194
邱敬婷,12175301
钱贝妮,9173
秦芹,12808149
球球,12544712
谯帆,1081549
曲一婷,29488331
齐柒柒,825118
清风,9188
圈儿,844106
芊芊,1043196
祈锦钥,31386507
漆亚灵,1049287
琼雪晋美,9180
晴子萱,14998021
清清儿,12082216
棋子,12311141
乔毓明,9042
巧千金,1027046
钱幽兰,9171
曲云,9204
秋秋,9201
琴音儿,12630077
齐亚男,1098111
邱怡妃,9181
轻檐,995016
钱思汝,9209
邱兰芬,9215
琼璜,9177
秦晓林,28390227
强迫女孩,818264
秦齐悦,9200
圈Etta,1064115
曲言,896723
全鸿雁,28897404
秋婷,14884012
秋心,12928148
钱思曈,30469273
邱斯琛,15248010
七堇年,9185
乔诗涵,29148234
丘雅媚,12390273
任然,9255
任素汐,1054159
容祖儿,9269
Rita黄汐源,1192130
任家萱,9438
任舒瞳,12390061
任静,9236
任月丽,9242
芮恩,9225
Ramila_Rozimamat,1083010
RU,30615492
RE,1004100
任妙音,768224
任韵淇,1054149
任盈盈 ,1047005
任洁玲,9229
Riyo橙,9262
任桂珍,9250
任剑辉,9247
任真,9234
如梦,9232
若紫鸢,791342
阮妍霏,1087826
RayRay,12475839
阮丹青,9227
若心,30616500
任芳,9245
任雪晨,9228
Rima Zeidan,12976654
Bolly,13643088
热们泽,9254
任维,9252
容儿,12191261
任天鸣,9226
renyi,1070055
REI泠千夜,1106089
芮甜甜,14098064
RJY,28835229
瑞雪,9268
任卓君,12468022
蓉儿,12463406
任珅,9253
任静,1192106
如夏,1019343
任蓓蓓,12475189
Rui Ho,12842703
任玲 ,1087108
RELLA,12048113
RED芮德,12131512
若水兰馨,27693715
任飞,9238
任敬,30617572
RayRay,13935076
仁钦卓玛,9257
容舒,12493356
任烨,1049219
任施思,12049150
任镜凝,1049922
任曦,9266
如云,30892255
任月落,30107682
荣若水,30450255
日月,13565058
阮咏恩,28359223
任月,13486090
若离,15021199
冉艳,12067130
任春红,14098803
蓉蓉,12054254
任兴瑶,12441379
戎琦,1191038
蕊公子,12301231
汝雅,990246
蓉蓉,12218127
任倩倩,980066
任珍,12121275
阮筱芬,9230
冉肖玲,9259
任滢 ,30471256
任轩萱,9251
Ray Wu,29500324
蓉宝儿,30618473
渃无忧,28103448
芮萌,27695353
瑞秋,14100404
若莎,27693425
Rain and Picture,12995352
蓉蓉,13056685
茸芭莘那,1150132
riza,1043185
任思谕,1137196
闰格格,9265
荣玥萌,1087284
冉雯,9237
Rachel Chang,1039896
Ruby Chen,904052
任祥,10860
任奕霏,9264
饶燕婷,9256
饶蕾,9240
孙燕姿,9272
萨顶顶,9270
三无MarBlue,1056002
孙盛希,954154
少年霜,1047248
苏运莹,1193259
司夏,10089
尚雯婕,9276
孙羽幽,1049025
宋祖英,9278
苏芮,9274
火箭少女101Sunnee,30093274
Serrini樹妮妮,916007
孙露,9292
苏慧伦,9275
少司命,9455
孙俪,9282
珊爷,991182
司徒兰芳,9384
柿崽,12270224
邵夷贝,9352
顺子,9273
珊姐,12262344
斯琴高丽,9286
苏妙玲,9424
苏子,12872097
孙茜茹,15251125
孙语赛,12603658
舒淇,9353
Shawee,1038386
石欣卉,9299
苏仨,1047098
苏勒亚其其格,9380
孙悦,9294
邵雨涵,9302
孙怡,13465110
孙艺琪,13133106
盛晓玫,9290
付夕禾,12766170
沈梦辰,12380025
孙艺程,9421
沈春阳,9454
沈曼,1088038
上官红燕,9398
孙紫晴,9390
石梅,9300
沈小岑,9296
Sophis,1050241
撒娇,9369
苏娆,13080049
思嘉姐姐,12074825
山猫,1047274
斯琴格日乐,9287
沈妹,28897426
宋迪,9462
沈梦妤,30618350
苏瞳,1147152
宋梓欣,27694720
苏曼,9280
李艺彤,1124467
时翔云,985048
沈雨萱,12505083
苏盈之,9459
史逸欣,9271
索菲亚,12263093
孙晓雨,1038051
苏小明,9313
苏云,9289
Swaggie杨舒涵,12494414
桑娜,12803030
宋茜,1051004
苏畅,13838555
石咏莉,9409
沈丹,9291
索朗旺姆,9392
沈雁,9295
Sonia,1049225
山新,12274072
沈丹丹,9309
苏楚力,12878049
邵容,9283
石小倩,9316
盛小云,9450
宋祖儿,28387610
珊瑚,9399
蜀喑,1077074
少薇,12902623
SNH48黄婷婷,1124468
沈玮琦,1086067
佘诗曼,9403
孙澜澜,12107779
斯婷,12031107
术娜,1039707
施施,15250065
苏红,9334
史悲,1039124
丝国兰,9449
孙欣,1028028
苏巧筝,9363
沈依莎,962307
田馥甄,9548
谭维维,9489
兔裹煎蛋卷,997001
汤宝如,9504
兔子牙,12492257
田震,9488
Tacke竹桑,9566
檀烧,5271
汤晶锦,1094178
唐倩,12440107
陶晶莹,9487
童丽,9494
谭嘉仪,1047403
谭晶,9491
唐宁,9508
汤晓菲,9585
童欣,9519
谭艳,935286
唐媛,13840309
昙骨,1132075
徒有琴,9572
兔小贝,27692718
汤灿,9493
汤旭,9486
陶辚竹,9561
邰肇玫,9495
Tie Yann（铁阳）,1020090
田园,233295
田子晴,12238015
陶晶晶,1148003
唐俪,9581
汤唯,9589
唐薇,12091092
唐子晴,1038195
唐妞,973078
坣娜,9490
谭卓,15023245
天蝎丹,13161389
田蕊妮,187571
唐丹,9520
塔琳,9549
彤菲,9521
唐笑,9553
唐古,9577
唐艾萱,9496
唐嫣,9539
唐俊乔,9550
唐晓诗,9497
田丹,1019034
佟妍,860867
谭明,229247
唐妮,9506
童可可 ,783036
天时,9557
唐妍,9591
陶钰玉,9499
同恩,9484
唐素琪,9531
汤茜,1090017
庭竹,9492
唐韦琪,9514
田原,9524
谭松韵,12487185
陶红,9542
糖妹,9565
兔圈圈,28391563
糖糖,12229039
唐艺昕,12008090
童圆喻,9485
唐逸,9530
童文沁,12192146
天天,9535
童蕾,9551
唐蕊,9501
汤媛媛,9575
唐源璟,1046420
图桠格,9574
覃子茵,28391610
谈莉娜,9527
童彤,9503
田维英,9546
婷汐,978082
田雨莫,9596
汤倩,14714050
铁子,1069025
陶格斯,9538
谈梦霄,29490350
桐瑶,1180067
童芷苓,9541
佟佳霖霖,12339012
唐甜甜,12278262
田田,12144089
唐星,28898220
陶莹,905358
佟静宇,28103563
田放,860627
田恩琪,12197065
田希仁,9500
谭又铭,9534
谭宁,9532
Afra,1081184
UU切克闹,31155544
Urban Groove,12976335
Unphuckwittable,1094072
Vinida (万妮达),12001060
veegee徐若侨,12441210
Vising_拼图,27695916
VIVI,1047290
ViVi,12370204
Venus元宝,13485306
V-Girls李俊,30616348
Virginia Glück,12468106
V雅,29490360
VIVI,12262366
VW.蕾蕾,28900364
veary,9602
Von Lee,12136041
VEDA,9603
VeraShao,854017
王菲,9621
王胜娚,9808
王天戈,12390184
王梓钰,12048239
卫兰,9605
王七七,12158146
吴雨霏,9615
王大毛,13128032
王若琳,9604
王心凌,9606
王理文,13581257
巫娜,9766
温岚,9612
魏如萱,9609
王蓝茵,9774
魏新雨,9823
王呈章,12232132
汪源,12276904
吴若希,9780
米雅,9620
乌兰图雅,9838
王娅,9776
王笑文,9765
汪明荃,9624
乌兰托娅,9635
汪小敏,9881
文慧如,12176216
王菀之,9608
王馨平,9633
万芳,9611
王蓉,9622
王筝,9607
王诗安,805419
王韵婵,9657
王霏霏,1019031
娃娃,9613
吴缤欣,12825329
汪睿,954037
吴映洁,1049172
网易云音乐,768306
王瑞淇,9812
王珞丹,9772
吴莫愁,166009
吴映香,13056968
卫诗,9629
温柚,12995684
王二妮,9762
韦唯,9632
王冰洋,9647
王俊琪,12647583
吴昕,189907
闻佳仪,12121145
王子文,12042058
王逗逗,12861045
吴倩莲,9631
吴婉芳,9648
汪晨蕊,12916020
韦绮姗,9656
魏奇奇,28102388
王昌元,9694
王婧,9668
吴静,9722
王艳薇,12871122
吴虹飞&幸福大街,13187
吴哈哈,11972084
王熙寄,28897358
翁素英,9863
汪佩蓉,9616
吴琳,9779
王珮瑜,9842
魏语诺,168003
吴蓓雅,12262610
王麟,9687
微笑,12047827
王韵壹,9930
吴碧霞,9712
王欣婷,9806
吴泓君,1081921
惟安娜Vienna,791411
乌兰,9773
伍芳,9671
王瑞霞,9678
魏雪漫,9643
王珺,9655
魏如昀,9618
万茜,9750
王鸥,12676434
王珂珂,30111264
王菊,14882040
王莉,9828
王嘉文,9796
王志萍,9835
吴木蓝,1049523
伍咏薇,9639
吴文煜,9809
吴君如,9676
王艺萱,28868803
吴恩琪,9659
王璐岢,187580
吴莺音,9718
薛明媛,12408182
徐佳莹,9940
谢春花,1039895
谢安琪,9952
许飞,9941
玄觞,10142
萧亚轩,9945
徐薇,978026
小潘潘（潘柚彤）,12532848
弦子,9939
薛凯琪,9944
小凌,10123
许茹芸,9943
许美静,9942
夏婉安,905476
小爱的妈,10141
徐小凤,9968
辛晓琪,9951
兮雅,12214058
徐怀钰,9954
许多葵,189961
徐若瑄,9946
许慧欣,9950
西柚,28085400
香香,9959
徐熙娣,9962
星尘,12046092
萧风,10081
夏雨菲,13705038
许哲佩,9938
许秋怡,10049
徐千雅,9963
萧潇,9947
心华,1085035
许亚童,1040196
小五沉沉沉,1015287
新疆美丽公主组合,9288
许佳慧,10135
小胡仙儿,1081645
小伊伊（美伊）,29488542
谢娜,9960
肖洋,710336
希莉娜依,9975
谢采妘,9988
徐洁儿,9957
夏凌兮,1132437
嫌弃,1044143
小混蛋,13163036
小根号,12380033
夕西,29356244
心然,10063
小小萱,13707299
徐小燕,10131
馨予,9969
晓花,10027
许晴,1070063
小宋佳,9976
项斯华,9973
萧人凤,10012
谢津,10097
徐婧,12740352
谢楠,10103
希小宝,13128015
新凤霞,1049138
小越女,12804026
黄小岛,1063104
小她,12931308
想想,1032035
夏语遥,1050651
谢雨欣,9955
谢馨仪,187695
小时光,13708256
小斯韵,10009
宵上淇 ,12144061
夏侯钰涵,12475724
薰妮,9970
谢浛露,10068
萱萱,1025209
徐美澜,10057
萧贺硕,9949
小鱼萝莉,797073
犀,30528324
夏妙然,10035
徐菲,905891
熊晓雯,10001
徐歌阳,12403118
徐若汐,13164030
雪无影,10108
小歆,10171
小十二,30528281
许若兰,13226110
向蕙玲,10022
谢丹,10163
薛晓枫,10082
小樱俊,30894476
小雪,9971
血纯茗雅,1081123
小凤九,29148385
心歌,28102275
徐海榕,7136
杨千嬅,10204
银临,188565
袁娅维,10473
于果,12262303
杨丞琳,10199
郁可唯,10200
妖姬,30109622
杨紫,10368
叶蒨文,10209
云の泣,981005
于文文,816248
杨乃文,10198
一口甜,30616590
言和,983028
叶里,1039314
姚贝娜,10371
叶炫清,12186038
姚雪,13838020
元若蓝,10202
燕池,975482
杨钰莹,10206
于小冉,12108093
印子月,1026105
叶丽仪,10238
叶齐心,12247047
姚晨,10445
叶禹含,28390559
虞姬,1154070
杨蔓,10249
妖姬,12262078
袁凤瑛,10245
杨幂,10367
妖言君,10524
云菲菲,10370
应嘉俐,10396
央金兰泽,10219
杨沛宜,10348
云朵,10412
严艺丹,10296
蔚雨芯,9920
伊晗,12154087
岳靖川（剪影姐）,12436080
杨子姗,10297
叶蓓,10197
杨凯琳,1137021
瑶山百霊,190631
于文华,10319
筠子,8145
于洋,12946374
殷秀梅,10312
樱九,787040
杨菲洋,10280
尹姝贻,12656142
阎奕格,10387
伊能静,10205
喻言,1191044
杨一歌,1193114
叶青赛蓝,27692349
杨肸子,12468130
杨采钰,1047074
叶欢,10210
虞霞,10456
喻晓庆,1193196
玥霖Gabrielle,973184
叶一茜,10335
阎韦伶,10212
雅心,954556
杨舒然,28897411
于冬然,12441086
余声,12260053
央金卓嘎,1086097
苑冉,31156574
杨小曼,10516
杨美华,13933147
唐媛【汤圆】,1086017
虞姬,12218120
泳儿,10203
严凤英,10349
引月兮,1047284
俞静,10234
尤雅,10246
依然,10380
袁咏琳,10355
英格玛,10220
叶雪如,12457100
有耳非文,10201
游艺湉,10533
岳薇,10522
袁姗姗,1002075
杨宝贝,15024078
叶巧琳,1146100
袁洁莹,10266
闫月,10223
杨语莲,10377
原子霏,10390
杨洋Yang,12245020
姚莉,10307
袁莉媛,1155033
杨采妮,10224
于淑珍,10379
赵方婧,12023202
周笔畅,10558
张碧晨,1024308
张惠妹,10559
张芸京,10572
张靓颖,10561
曾轶可,10750
郑秀文,10571
张韶涵,10562
周慧敏,10577
张悬,10557
郑欣宜,10782
朱婧汐JING,10582
祖娅纳惜,12279635
周冬雨,11995107
周玥,961055
张叶蕾,12213291
甄妮,10594
张玮伽,10924
郑融,10580
张晓棠,10879
张玉华,10578
钟嘉欣,10591
卓文萱,10566
郑晓填,1019439
郑爽,10970
朱主爱,947234
只有影子,10902
珍哥,14057092
祖海,10607
赵晨唏,1006061
周迅,10563
周洁琼,12312068
子弥,1063107
左颜,1058190
张柏芝,10584
赵露思,13972037
火箭少女101紫宁,15022168
张冬玲,10846
庄心妍,167013
张奥妮,14056025
赵静,10671
赵薇,10565
张婧,10753
赵聪,10600
张三弥,1047394
张钰琪,12175349
周桃桃,12411132
重小烟,7484
周蕙,10569
张蔷,10589
周璇,10575
周子琰,13228114
张也,10585
张艾嘉,10564
正点,15023120
周影,10617
张含韵,10583
张纹嘉,861463
赵学而,10593
周虹,10601
赵丽颖,1081056
赵咏华,10579
郑绪岚,10611
张乐,6677
周冰倩,10614
张晓红,10788
Joyce Jang,1038117
卓依婷,10608
周艳泓,10635
张德兰,10586
张禾禾,12947465
卓卓玛,1045085
钟声,10942
张瑶,10597
张庭,1078088
周晏伊,1026078
张辛怡,12450242
Laxy,12810141
张火丁,10592
张清芳,10573
张秀卿,10616
甄楚倩,10619
詹雅雯,10622
朱桦,10596
周子琰,10959
猪猪,1124579
周薇,10992
朱晓玫,10880
张子枫,1049463
张蕙兰,1147156
子芮,14711154
张曼玉,214894
赵芃,223707
周行婳伊,12475078
赵大格,12165010
章若楠,30111335
周子寒,10606
张炜,10620
郑宜农,10875
音阙诗听,12174521
群星,122455
RAiNBOW计划,1047139
房东的猫,1050282
Beyond,11127
88rising,15022053
宝宝巴士,14714082
五月天,13193
苏打绿,12707
S.H.E,12709
Higher Brothers,12002201
国风堂,31862479
By2,11097
南征北战NZBZ,189873
逃跑计划,12977
F.I.R.,11562
茄子蛋,1039873
好妹妹,711683
Fine乐团,1160085
英雄联盟,1047337
C-BLOCK,11257
鹿先森乐队,1195028
安全着陆,12204436
昼夜,12052034
Gifty,14017398
新乐尘符,12503194
洛少爷,12060031
痛仰乐队,12971
牛奶咖啡,12437
不靠谱组合,12296026
GALA,11679
动力火车,11363
有声小说,947021
飞轮海,11561
烟把儿,1021160
宝楽CNBALLER,12191014
满汉全席,1161201
丢火车,11370
浙音4811（一个大金意）,30380203
阿里郎,11015
Gosh Music,12072073
Soler,12721
王尔康,12065135
活死人,12200652
水木年华,12712
落日飞车,11074
橙光音乐,12063096
青鸟飞鱼,12604
展展与罗罗,12475735
草蜢,11265
RT,12327097
信乐团,13283
恋恋故人难,32041318
安子与九妹,12002183
ANU,12074125
小石头和孩子们,1145026
221小伙伴,30892270
千坂,12138261
饭碗的彼岸,1138028
棱镜,1085047
小蓓蕾组合,166005
直火帮 Straight Fire Gang,12003155
万能青年旅店,13223
羽·泉,13418
至上励合,13584
邱有句,12079231
花儿乐队,11761
南拳妈妈,12438
MushrooM,12459208
老王乐队,12676071
霹雳布袋戏,12639
JS,11952
盘尼西林,900021
situasian张太郎,1153005
小旭音乐,900347
筷子兄弟,12081
橘子海 (Orange Ocean),1184074
404 RAPPER,30003804
LJY,1211039
刺猬,11238
中国人民解放军军乐团,13593
顽童MJ116,13200
The Shanghai Restoration Project,31286
Mr.,12266
凤凰传奇,11564
自然卷,13579
造乐团,30436347
曲贺,12228845
一棵小葱,12128298
龙井说唱,12181
UNIQ,1015121
青蛙,12608
果味VC,11680
长气制作,12039082
告五人,12676697
快乐男孩Joy Fresh,13790589
旅行团,12111
dance flow,11437
PRC,1207041
人衣大人,996336
音阙诗听,12174521
群星,122455
88rising,15022053
Higher Brothers,12002201
Fine乐团,1160085
鹿先森乐队,1195028
安全着陆,12204436
昼夜,12052034
Gifty,14017398
洛少爷,12060031
不靠谱组合,12296026
浙音4811（一个大金意）,30380203
王尔康,12065135
活死人,12200652
橙光音乐,12063096
RT,12327097
恋恋故人难,32041318
安子与九妹,12002183
小石头和孩子们,1145026
221小伙伴,30892270
千坂,12138261
饭碗的彼岸,1138028
直火帮 Straight Fire Gang,12003155
邱有句,12079231
MushrooM,12459208
situasian张太郎,1153005
橘子海 (Orange Ocean),1184074
404 RAPPER,30003804
LJY,1211039
造乐团,30436347
曲贺,12228845
一棵小葱,12128298
长气制作,12039082
快乐男孩Joy Fresh,13790589
PRC,1207041
Round_2,12127507
钰阳,29069441
不跑调,12020038
HAS,12359027
Maxone,12001082
A.T.L (Above The Law）,13026202
反犬良,12117208
M.T.G,12265255
白日密语,12371505
RED8红八,29500218
初相见,12287900
小黄人,12084114
FLANEUR,12078010
Saiakoup,12083147
畸形儿-DeformedBoi,12349362
O2O偶像男团,12481153
南游记乐队,12496616
武玉航,13528422
夏日入侵企画,12383009
808’s,12320728
上海彩虹室内合唱团,1199126
CITY Z,12350040
Ace组合,12237593
奉天组,12568360
MisTer说唱团,12025020
SevenGurusFamily,12360194
UP GANG,12199153
斯斯与帆,12479696
April乐队,12643272
昨夜派对（L.N Party）,13104057
霓虹花园,13155879
Click#15,12083546
深蓝儿童,12780724
N7music,12085679
Delos,12085627
BOBO,11096
POPPING国王,1199051
是Arealy,12537035
福禄寿FloruitShow,29393033
歌之初乐队,12200017
TimeZ,713080
Dirty Class,1158173
万象凡音,12056010
大布偶,12264518
NASSA,28299117
RESOUND理想人声乐团,1160233
动物园钉子户,12118540
CG,12118566
天府事变CDREV,1196009
弹棉花的GG,12056056
厦门六中合唱团,12059030
蝴蝶效应(B.E.),12228818
泠鸢yousaの呆萌忆【管理团队】,12112037
恒星音乐hxmusic,12085103
安与骑兵,679001
TayirMuhammat,1197132
尊贵会员乐队,29562418
蓝光乐队,30705859
音谋论,12382331
Immortal Beats,12478060
新学校废物合唱团,1199032
执玛(芝麻)乐团,12133114
Cyan Lpegd,12052050
唐朝乐队,12972
Young-Flow,29580797
阿里郎,11015
ANU,12074125
爱朵女孩,11933
ai.mini,11000
ATM顶级玩家,12729365
at17,11001
安图声乐队 ,1049310
阿吉太组合,12031075
阿佳组合,11055
阿凡提,11056
爱情公寓全体,15023093
Awaken-F,14711043
A公馆,11066
AOA组合,721016
艾图兰,11011
AK(AK47)乐队,10996
ASOS,11004
Angel Girl,11089
Angel Baby,12233120
Ado,11009
阿吟琴,11031
阿基耐,11039
A-One,11024
ATF,12023290
SHEKHINAH | 安娜与陈飙,1038347
ACEMAX-RED,12197215
阿巴巴组合,12203505
AK组合,11034
白彩虹WhiteRainbow,1032059
Aurora Record,1099007
阿夏组合,1049145
阿飞西雅,11002
AV大久保,11033
安妮朵拉,11058
奥斯卡管弦乐团,11047
啊唔儿童音乐,30616569
阿库诗薇,12091071
阿霈乐团,11005
AMOi-AMOi,31068958
AM444,11050
爱嘶吼乐团,30109441
A2A,1105099
A Jerks,825031
凹与山,29224875
Anthelion,11032
阿妹妹,11008
阿唐&阿豪,11021
暗狱戮尸,11049
AvTProject,977051
阿爆 & Brandy,11006
阿四龙组合,1049460
As One,1019707
Aspidistrafly,10999
ANWIYCTI,1064015
爱好好听,12448132
安达组合,1060238
哎呦,11014
aka a cappella,11013
AOK,11007
A'N'D,1048013
ATP,1029014
AGEBOY,12054255
AMcreative Musical,12925146
越轨,11029
Art Gallery,11030
Art-Kins,11018
Astro12,12087113
阿曼达少女组,11078
AKB48 Team SH,30892300
Ascension Music Group,1039570
Alive,11016
Another Kitchen,12598909
戴盡欢,1086100
AOS新生代偶像团体,12041029
Azure,1043292
无相喧哗（Anonymous Annoyance）,12492162
After Argument,844479
A4,11035
ALIBI,30615621
AKB48 Team TP,31047303
AK乐队,13487185
奥斯特音乐,30892471
Ah5ive the band,12232121
爱乐合唱团,29497503
Agave Butterfly,1192465
爱尔音乐团队,12440171
Asymmetry,1050149
Air,12262027
andysky52音乐社,1047341
暗黑白领阶级,789335
ATBT,1047045
AIO,649583
autoPuzzle,11061
爱突击合唱团,11079
Asthma Writers Union,11057
Anti XXX,11075
An Evil Omen,11045
Airbag,11027
Aglare Light,11025
爱乐公社,11019
Beyond,11127
宝宝巴士,14714082
By2,11097
八三夭,11109
棒棒堂,11099
BC221,12676703
般禅梵唱妙音组,11105
Bad Blood,11115
芭比,11114
不可撤销,900084
办桌二人组,11108
鲍家街43号,11094
白噪音乐队,1054042
伯村清唱团,1046128
波希米娅女子合唱团,11131
BEJ48,12107315
白银河,1060205
BBT,12931752
Blue Jeans,11112
薄荷映像,860733
冰雪姐妹,817154
不一样乐队,1122065
八只眼,11113
布衣乐队,2092
冰火组合,11124
Before the Sunrise,1050236
北原山猫,11125
Boulevard,1029001
暴走蜗牛乐队,220934
B.A.D,11100
百合二重唱,11382
白雪仙,11210
北京金帆少年合唱团,11143
便利商店,11098
Boy'z,11106
白目乐队,13006
布皮树,897191
北京四兄弟演唱组,11212
Busy Gang,1063043
板砖樂隊,225536
病蛹乐队,11107
宝贝计划,13732
Baby Formula,844727
八厘米天空,11103
拜金小姐,11095
BEGA MUSIC,976226
BOXING乐团,1028167
败犬,13158084
Buddy,13450
必顺乡村,11974190
豹小子,11121
BOY STORY,12616056
八大巨星,1107014
Black Box,11787
北极,11157
薄荷叶,11101
Blacklist黑名单,1050586
逼上梁山,11231
BOYZ & GIRL,11170
Be Persecuted,11158
北京梵乐团,11128
极战,11219
变色蝴蝶,11110
编曲小C ,1039037
边际自由,964448
百乐门国乐团,687018
捌伍起义,11180
Blaster,12474321
博蒂组合,12132548
北暴兄弟,1049280
白狐茶会,11230
冰封十字,11163
北极星,11148
Babel Records,12074869
表演工作坊,11186
Babe First,11187
巴普街乐队,1049341
败血症,12884
By Heart,12505787
不是乐队,1037004
补骨脂,12132102
边界,11122
BOX.COM,1078329
白玉玺乐团,1120023
北树乐队,1011062
病医生,11118
不是桃乐丝,1050169
B2,11244
波澜童话,11136
Bliss,11133
爆竹乐队,1089220
比茲卡西,12474517
Beyond Cure,11171
Bo's,11117
Baby Monkiz,11149
Burnmark,11162
壁虎,11129
Baboo,11119
Babes,11165
芥末,1049992
C-BLOCK,11257
宝楽CNBALLER,12191014
草蜢,11265
刺猬,11238
Christmas,11322
Cicada,11320
草莓救星,11237
陈乐基&killersoap杀手锏,12100
Crispy脆乐团,11088
茶小姐和熊先生,948007
晨曦光廊,11318
草东没有派对,1161122
脆弱少女组,12355461
Chinese Football,1081839
楚歌,226428
C.T.O,27695613
纯音乐,13500022
Calculasian,961071
Claustrophobia,11293
川鑫联组合,14056153
Cookies,11248
痴人,11240
Cream,11247
CD Voice,11263
赤褐色,1033019
晨悠组合,1030008
草原兄妹,11308
穿越稜镜,1046388
Catalyser,1057033
CEM Records,1081207
彩虹来乐队,1044213
Carsick Cars,11233
橙色少年团,29354236
CMCB,1116139
Casino Demon,11364
城市少女,11260
COSMOS立体偶像男团,12279980
超人特工队,11329
橙草,11243
澄书馆,12676212
CollisionDreamer冲撞梦想家,1045044
Chosen one（壹乐队）,15023189
赤子花园,11276
仓买,1087693
创造101女孩,15023145
苍蝇,11241
耻骨乐队,1041034
刺客,11255
Chui Wan,11353
春秋,11235
超级女声,11355
Chochukmo,11302
超级市场,11236
C.O.U,11242
陈楚生&SPY.C,12136051
赤世代,12047663
CHING G SQUAD,31277758
吹波糖,1049509
从心开始EXO后援会,1047127
川秋沙,11324
赤道,11258
乘以三音乐工作室,11337
重塑雕像的权利,11234
茶凉粉乐队,11286
Close To Abyss,986255
插班生,11317
沉默演讲（Silent Speech）,1038390
Choc7,11251
参劈,11250
臭屁婴仔,13497481
CORE ONE,12533261
Chyna,11253
蔡咪咪,11307
城市雨人,12046137
Cozy diary_轻日记,11340
川先生乐队,1046394
Cosmic Child,12262666
Citybeat,11273
CKG48,12976343
戳麻,11301
采风儿童合唱团,12462378
CAM,11315
超口爱乐团,11249
COLOR,11245
CT Girls,12082098
cocos,11290
CNK男团,28085351
艺海鑫宇,1079028
hdhs.,867065
齿轮橡皮,11288
吃饭种田,13192217
Cookie girls,1019949
臭皮匠,11982010
ct Girls,30615623
Caca & Chimneycrow,11239
彩贝与海,979004
CROCODELIA 鳄鱼迷幻,27887563
CAssette,11327
CHINGLISH,12023349
蟲友,28897257
动力火车,11363
丢火车,11370
dance flow,11437
deca joins,12463331
打扰一下乐团,1032426
Dear Jane,11378
爱星人,1050216
岛屿心情,11481
大乔小乔,11358
大嘴巴,11360
达达,11359
东城卫,11427
Days,11505
低苦艾,11365
大小ann,1047287
大象体操,776850
大庆小芳@声产队,11482
东郭先生,12263766
大贺兄弟,14470317
渡鸦,11367
地下婴儿,11362
东森幼幼主持人,11388
DSPS,12274422
Dianna,11504
颠覆M,11372
DeepMountains深山,954425
DANK,1039098
大囍门,11393
D-Evil,11375
董事长乐团,11379
丁丁与西西,11466
大小姐,11433
但丁之舟,224929
东方神秘园,11395
第八音符,808048
大卫之声音乐事工,1045059
DBboys组合,12214233
东方二重唱,30891434
丹娜乐团,11974149
Dusty Bottle,13708429
Dxtliant Child,905905
Dragon 5,11402
DISH,11445
DA BANG,11368
DX2(DoubleX2),816344
Dude,11434
大魔王,11483
单行道,11377
Dear Eloise,11449
大地,11374
丁香晓晓,11366
DRY,11380
大买麦,11456
大波浪,918003
癫狂收音机,11376
东于哲,11425
大悲,11459
大博尔青年团,12046290
豆豆&乱七,11392
大忙人,904015
大喇叭组合,1193470
电解质,1068013
大波起司,1060166
多元素乐队,11391
Delay,11447
大研纳西古乐会,11436
"Deo volente, illumine!",1045095
大飞&摩天楼,12326
东方快车,11369
堕天乐队,11431
DREAMIX,1021324
Dandelion Trio,11465
大钟寺钟磬乐团,820420
D7少年团,13580359
丁承运VS付丽娜,11422
冻结的月亮,11419
东方女子乐坊,11386
捣蛋鬼乐队,1049140
大红袍,11489
低明度时期,804404
东禾群星,948013
Double.R,11398
DengeL,11373
DDM,11457
D.C ,1040046
Dead Narcissus,1044199
DreamKi,857111
Dr Jen,31586301
dayDream,12132317
东岳护国寺,28389576
DOODLE,11480
第二层皮,11467
大木乐队,1124292
D7少年团S队,30471231
DEMOS样,11381
大女孩,13485259
东方传奇,11477
Dream Girls,11460
大伢,11417
大地震,11446
二手玫瑰,11514
eason and the duo band,14713083
EXO-M,691012
E-kids,11515
耳光乐队,11532
额尔古纳,11512
EO2,11516
Energy,11522
Echo,11513
JINACTION,1043015
Elenore埃莉诺乐队,11550
上海 Echo 合唱团,1081135
恩上恩组合歌唱乐团,1116003
Evocation,11544
鄂托克前旗·艾基木儿童合唱团,12250167
Explosicum,11518
二后生,11533
Easy,11528
earlybus,905097
Eternity Girls,11517
EVER,11542
Even Less,11546
儿童医院乐队,92151
E Zzy,11543
恶刺,11526
Elf Fatima,11519
Empire of the Sun,11531
二元一次,11523
Evade,2733
EARTH DANCER,11547
俄布基组合,27695225
ETBOYZ,12339107
Easy Rider 逍遥骑士,12394249
Expendables,861775
E-eye-E ,1190113
ESG女团,747091
Editec,894093
Eureka Music,11555
ElectroO2,11553
Eric Dane,11551
二刘组合,11541
Euthanasia,11539
EvilZ魔圈,11529
Eltan Renaxy,11527
Each other,12390208
ECHO,11511
恶邻居乐团,1193408
E.C Studio,31793654
Eye Dunno,1045100
EnlightEN,12408106
ET身份证,1039092
El Beasto,12381054
Enemite,11536
EsregBug也色若,1053154
Experience,1039478
EDIEH,11534
Ego Fall,11530
房东的猫,1050282
F.I.R.,11562
飞轮海,11561
凤凰传奇,11564
F4,11560
反光镜,11558
风潮唱片,226672
F.Be.I,11653
FORMOSA,188831
Fuying&Sam,916104
First Girl,12335417
翻糖乐队,1132727
缝纫机乐队,12492175
石磊&王萌莹,1023077
FREE THE BIRD,13583
Fabel,151784
Frandé,11623
Freedom Plant Music,1124322
风火海,11575
反骨男孩,12523086
Fresh.M,11670
Forget And Forgive,11608
发条卡目索,11603
Acrush,12408206
Fusion乐团,11569
非鱼乐队,11574
Face to Face,11573
Freeze,11588
奉天乐队,1141021
风临神社,1057069
非樂原创音乐工作室 ,1039025
Fayzz,1132066
风儿乐队,11592
非凡乐队,11567
风格童星组合,12935658
非典美眉,11589
风林火山,11649
风采姐妹,11591
废墟乐队,13589
粉红A,11570
FUN4,11582
小芙蓉工作室,1050260
凡思追梦合唱团,31637659
Fragile,11618
福麟阁,11625
佛教梵音乐团,12467190
发条傀儡乐队,1089230
樊樊组合,11594
Freeplay Music,1043370
废埕乐团,1192499
饭谜力,12551139
fresh极客少年团,1031010
False Alarm,11590
FORESTS森林,12964
浮世绘,11566
Future After A Second,12273394
飞石号,12155374
繁世樱落,1164025
风云,11581
芳华越剧团,11669
风之Group,11586
凡人二重唱,11563
废五金,11579
FLUX,1192416
F20,12171033
Fearless,11647
From The Red,11593
芳华十八,11578
Final Tunes,1071016
方脸组合,30530306
FIRE,11635
夫妻相,11642
疯医,11614
发射乐团,13621
风信子,11584
梵天,11572
非人物种,11945
放客兄弟,952086
伏羲,11585
Fundamental,11577
粉红噪音,12232060
放射空间,776753
风云,11576
飞行日记,1038376
放屁伯,11630
范晓萱+A,1049828
反调,1032429
凡风,11587
Force Defender（坚定捍卫乐队）,1039874
Fad,11975119
Fxxker Family,11652
FFx,1161099
FI鳗鱼同学,12479080
范姜明月@涉谷纵横,11597
佛涯组合,11664
反调乐队,1078318
发条人,11620
风籁坊,11622
Forgotten Melody,11636
飞悦乐队,12197223
GALA,11679
Gosh Music,12072073
果味VC,11680
告五人,12676697
隔壁团乐队,11742
高旗&超载乐队,11704
Gatsby in a Daze,1038338
Glow Curve,11728
光线合唱团,12342041
钢心,1041153
牯岭街少年合唱团,11733
嘎调,11677
功夫,11681
归墟原创团队,1131049
过失,11682
广州交响乐团,11698
good machine oil,11757
鬼否,1044206
光启童声合唱团,11734
怪力,11715
许顺哲,11736
赣斯特G $wag,1094247
G5SH,12411087
光引擎,904135
光速飞行,1049149
古诗童韵合唱团,14921025
GIA,11719
格里芬乐队Gryphin,1044090
高原红,11686
GOLDENAGE（黄金时代）林染、李景泽、Terry杨泰瑞、唐心、吕冠成,30618509
谷水车间,15024030
功夫派,12931978
戈多,11685
歌舞姬乐队,1069006
Grace Latecomer,11732
广东兄弟,15024019
莞城仔,1073038
醒山工作室,1060161
GoaProductions,1049305
Gina,11754
工兵,11696
高雄市立国乐团,11743
果宝酱JAM,844974
Gol Dolan,11684
Gorepot,11737
Gentleman ,1038241
贵族乐队,893288
干花,228528
孤独骑士乐队,1047393
骨肉皮,11688
Go chic,11717
Ghost,30093224
歌梅拉组合,12505949
goldEN,11752
广州合唱团,13498859
干嘛电台,1039371
GIP,11727
羔羊的葬礼乐队,1046070
光合作用,791062
Girl Friends,11730
Goodmorningloria,11687
橄榄树,11708
公主帮,11691
Golden Cage,11748
G-ELEVEN,11710
国度音乐传爱团契,11720
高潮,11690
滚石小子,11700
Generation,12577269
高山阿嬷,11692
广播剧,31155481
高能少年团,12356272
甘肃敦煌艺术剧院,15001045
光乐团R.A.Y,12260212
公馆游乐园,12504033
Green Coffee,1124376
鬼鬼祟祟,12354081
Girls Summit,1053060
果果乐队,12279349
Girl Kill Girls,1045120
归一,12183333
国王,11712
Gigi & Hogi and James,12096285
各村屯组合,28898438
格德群星,12053333
广州天河公安,27695494
Gohst Hand Tear,1098113
果实乐团,12249074
改造人,1019113
公主驾到,12062142
光音-周亚光,1018101
格德,1135174
一波流,981045
GLAX,1050450
国难当前,11729
国王之像,1032086
固定客,11721
Girl+The Machine,11774
工兵俱乐部,11713
广州小云雀合唱团,11746
好妹妹,711683
花儿乐队,11761
黑豹乐队,11759
黑鸭子,11776
Hope组合,783163
Hello Nico,1015069
皇后皮箱,11822
HOYO-MiX,12487174
黑撒,11762
华夏民族乐团,11891
杭盖,11767
Hush!,11890
鸿雁组合,776879
HAYA乐团,11794
海龟先生,11830
黑薄荷乐队,1058230
后海大鲨鱼,11760
火星电台,1046338
幻境工场童声合唱团,12556082
嗨歌组合,12893231
海朋森,1051015
嘿！！！,11856
华夏轻音乐团,12598784
黄色潜水艇,11790
黄金年代,11793
HotCha,11788
昏鸦,938016
呼吸,11777
红月亮女子合唱团,11795
红孩儿,11772
华夏管弦乐团,12598993
大龙小龙DLXL,12091041
琥珀,11875
Hulu Boyz,12198812
黑色收音机派对,13161209
Hickey 喜祺,29497572
荷尔蒙小姐,1043362
黄立成&麻吉,12273
荷尔蒙少年,13195351
汉创群星 ​,12996408
花与叔叔,12311542
黑棒,11816
花生女郎,11773
好乐团,13705550
HIT-5,11797
FREEHAND,1043183
Hang On The Box 挂在盒子上,11678
红苹果女子合唱组,11785
黑骏马,11799
红丽姐妹,11855
"HI, 怪咖♥",1039109
Hong Kong Express,897174
H2K,1046386
杭州爱乐乐团,12608114
Favours!,1044032
皇家曲社 昆曲六人组,11791
华中师范大学合唱团,11821
花墙FancyWall,1087219
Hello Girls,12154012
洪流之源,1047313
Oliver,125800
Happy Circle,11832
凰后组合,11660
坏女儿,11769
后舍男生,11780
黄灯车库,1044121
红色浆果,11889
鸿敏鸿杰,13497795
Hosoo,14165058
坏哥哥大乐队,1060036
胡椒猫,11771
Hyaline Gap,1011186
火声儿童合唱团,15021094
好男人,11798
化学猴子,11865
谎言留声机,691001
火星人,11796
花墨茗轩,1049660
红唇族,11782
红蓝铅笔,11789
坏碑唇,11770
河豚子,11913
Hong Kong Philharmonic Orchestra,12279321
回声公园,31461028
蝴蝶组合,11783
红樱束女子打击乐团,11838
HE有激人,11840
宏星特攻队,11882
湖北省博物馆编钟乐团,30617434
Horror Of Pestilence,12274369
好好先生,11887
河南民族乐团,13497075
环宇组合,12023025
猴子飞行员 MonkeyPilot,11857
HeartBeat Station,12974350
黑马训练营,11807
欢乐颂组合,12355462
Hide and Six,12416152
荷之声,1116097
黑戒,905276
i2star,11937
i Me,11934
Imade家族,783012
IDOL SCHOOL,1132642
In It,11931
io乐团,11936
inLove,11924
ICE MOON,1049924
I Love You Boyz,11928
I★M,11929
IPIS蟑螂,13596
IP9,1015002
iM,27695362
i.n.g,11941
iColor爱客乐,12046905
iFree,15248088
Intertek,14468085
imade,11944
IVI,12637409
I-WANT星势力,12676503
IX 玖号,12176045
ICE MAN,12046683
Icy-Whiskey,893353
Indie Famous,11939
iCHARM骚乐团,11925
IDH,11927
IGO,11921
iwini,12095254
ICE LADY,12046682
Icy Ball 冰球乐团,12024494
IPFamily,1192438
Into the sky,985238
I.D.M,860242
Ice Man,314426
IHVHLXXII,11930
JS,11952
锦绣二重唱,11947
金光布袋戏,1079094
简迷离GEMINI,11949
玖月奇迹,12022
玖壹壹,1044214
觉醒之心,12057020
讲者,12000
夹子道,11970
江湖乐队,12021
江城原创音乐团队,1058045
潜水大象,1132214
Joyside,11950
Jeremiad Always Twinge HuaBai,1019386
鲸鱼岛乐队,1028057
街道办,1038375
J-TWINS,11994
吉马合唱团,14101818
脚音乐工作室,1015634
俭德大厦,11960
JPM,12023
叽里咕噜,12468113
Jesus Fashion Family,826189
将门狮子吼,13484119
江苏省歌舞团民族乐队,12015
Jacky Danny,12034
记号士,957003
蒋亮的声音系统,12009
巨大的轰鸣,1007212
Jimmy King,11962
机械懒猫,12036
寂寞.夏.日,11957
Jungle,12035
静物乐团,11999
进念二十面体,11958
金门王与李炳辉,11954
敬拜之声,1102108
教父乐队,1060237
姬声雅士,11981
J3男团,12019
基诺,854613
惊林,1073013
角度,12007
饥饿艺术家,12033
紧裤裆乐团,1193393
九天,11973
加减乘除,12468117
金岛乐团,30107504
Joker,11968
惊极乐队,11998
江河,1049853
节奏旅行家,1050398
经忏研究学会,12408242
橘红色,11974
JC练习生,12203390
机动现场,12042
夹子电动大乐队,11961
激肤乐团,784340
假音人,11959
绝对纯洁(Absolute Purity),29272639
聚点翻转,11993
胶壳,11992
浇灌的园子,12010
锯S.A.W,12005
交工乐队,11948
击沈女孩,12424024
JADE,11976
节奏之犬,11972
教练,11989
JIN,1137031
惊虫 (Panic Worm),27696148
加减乐队,223706
寂静街电台,1040010
皆大欢喜,893348
金三宝组合,12278370
贵州六合人传媒有限公司,12068059
乩童秩序,11969
Jonan,1171035
江苏歌舞剧院民乐团,817169
记忆的盒子,975811
精神错乱,12030
吉那罐子,12467172
基动乐队,12038
就这样乐队,12870717
酒窝乐团,1180131
觉慧法音合唱团,12467179
JUNGLEMICO PROJECT,1124345
假死猫小便,11963
吉祥如意,1044149
Juzzy Orange,12012
筋斗云,11996
鸡腿饭,11953
JUMP乐团,12250280
浆果商店,1032427
决胜团,12047
MP记忆碎片,1007183
嘉宾乐队,1083027
姐姐乐队,12024
金丹乐团,12475267
静谧时光,12069039
筷子兄弟,12081
KingStar,12076
康姆士COM'Z,12090204
可米小子,12056
卡奇社,12054
开心少女组,12057
Kolor,12066
咖啡因乐队,12055
Kawa,12144032
孔雀眼,12079035
康士坦的变化球,12232080
K One,12058
空想家乐队,986266
卡木堂,12084
快乐家族,12078
空中狂欢节,12082
咖啡因公园,12059
酷爱,12073
扣弦,12080
Keep Da Faith,12077
口水军团,1081954
科尔沁草原姐妹,12103
Ketchup,12062
空气墙,789473
凯比鸟,12069
国王的新衣 King's Neo Outfit,1046163
邝氏姐妹,28085488
Kiss,12060
狂想三重奏,977023
康熙,947002
昆明聂耳交响乐团,12608115
Krusty,12065
Karma,12087
可乐&三号线乐队,28390360
肯周乐队,1193461
空气罐头,12072
咖啡猫,12441105
鲲鹏兄弟,1079003
酷客,12061
快手学霸合唱团,30450239
Kagome,31274437
Kiss,13499147
快乐大本营,28103321
快乐宝拉,13222475
库奇卡,12467113
开心麻花,12423079
Kk儿童偶像乐团,1193133
空弦乐团,12073035
Kylin Baby,1181041
Klorine,964043
K.JBOYS,1177013
KloudZ,226499
咖啡与猫,1061029
快乐男声,12079
Kim&Lee,1043213
KINGZ,30107478
跨界乐团,1017089
卡带组合,13500794
Kid King,550057
康乐兄弟,12231022
控制之外,12105
苦慈乐队,1038370
快乐女声,12101
柯班生,1019142
KoOk,12085
骷髅头,979002
空中快车乐队,31064296
卡西莫多,12070
K'WA,14087340
K6,12301252
抗浪鱼乐团,12087088
KID PUNK,1085032
蝌蚪合唱团,1050040
KENNYOPPA,1043200
英雄联盟,1047337
落日飞车,11074
棱镜,1085047
老王乐队,12676071
龙井说唱,12181
旅行团,12111
NEXT,15021290
鸾音社,30616219
LOKEY低调组合,12258996
理想后花园,844646
零点乐队,12115
Lost Team,1049223
Mc老猫,4153
绿色森林,12894245
Lil' Ashes ,956430
点灯人（Lamplighters）,12899379
龍胆紫/PurpleSoul,777622
Laurent Jeanneau&施坦丁,12218
理想混蛋 Bestards,28253230
鸾凤鸣原创音乐团队,991218
轮回乐队,12116
L1STALLDO(厘思翱渡),966147
Luna Safari,12250
流行4℃,12159
蓝天合唱团,28387394
灵感,12135
六个国王,12113
龙神道,12186
林朝阳&丁薇（Salt & Dingwei）,12189
零感音乐制作,28017412
乐玩越乐儿童合唱团,12424010
理想青年,976199
L.A.BOYZ,12124
冷冻街,12131
兰亭,12142
浪荡绅士,12194
Lollipop F,250422
羚羊角,12169
浪花兄弟,12187
龙飞龙泽,1063162
老泥车男声四重唱组,12222
龙宽九段,12110
Lilith乐队,1044100
L&Z乐队,1041023
老猫侦探社,11974189
兰眼睛女子乐团,12227298
聆古遗韵音乐团队,1061025
良人乐团,967049
乐上行,31799991
力量之声 (Vocal Force),12629175
龙锦,12174
雷米乐队,1048044
浪,855371
龙门阵,12137
乱感觉,12173
老皮匠,1063086
零壹乐队,12114
Liangcheng Jishi Orchestra,1180019
乱弹,12129
Los Crasher,12247
洛客班,12121
六和弦合唱团,12450158
拉苏荣,12219
兰州交响乐团,12607144
Light说唱组合,1049052
来吧！焙焙！,12184
Ladybees 北京1队,12877026
LAVA|OX|SEA,12117
爻-梁颖,886237
旅行者,12119
老K蛋,1055039
冷酷仙境,12112
落差草原 WWWW,1135053
老式照相机,1049787
喇叭嘴爱装熟,1179071
Lunar组合,1066088
乱战门,12233
LEO37 + SOSS,13497380
L.I.K.E,12332015
LTN乐队,1079035
六翼天使,12122
利未人室内乐团,12168
Larry's Pizza,12195
另一种意见,12215
Logic Loc,1037016
LA-K 组合,12974349
刘鸿 & 邓洁仪,12132
逻辑失控,12134
蓝色窗帘,30315467
猎魔人乐队,12020123
Locu5,31358606
留声姬,12408263
龙骑乐队,1073066
螺丝钉,12146
楼兰盒子乐队,1039742
L.A.四贱客,12125
六道母Luktomo,1050658
李雪松&衍乐队 ,1039024
Leon Grand Orchestra,12179
Lucky Girl,12164
满汉全席,1161201
Mr.,12266
梦飞船,12276
墨明棋妙,12269
蜜雪薇琪,12268
麻园诗人,4556
M&K,1050347
面孔乐队,12270
M3,12281
悶餅,12128611
MIC男团,12356
梅卡德尔,851364
棉花糖,12261
Mr. Miss,221425
门虫,979033
MissMass,12011092
MINSTA,1124109
萌萌哒天团,1040065
秘密後院,12263
Mr.钛戈,13838518
麦田守望者,12262
Manhand,12284
M4M,704011
马赛克,12328
明柏辰&明筱岩,12474632
美秀集团,12996568
Mu'z,827534
马斯卡乐团,12374
GMRemix,983056
玛雅,9002
MP4,12287
蜜蜂少女队,12053106
蒙古利亚组合,1054105
民族乐团,28391314
MusicLoop扭蛋音乐,1181092
MY GIRLS,12411
MTZ,12327
慢慢说,905819
MP魔幻力量,12346
玫瑰木子弹,1032379
不优雅（biuya）,12371
迷音Los音乐团队,1039735
暮良文王,705006
秘密行动,12380
梅花三姐妹,1050371
MR-X,13972114
木玛&Third Party,4478
梦蝴蝶,12309
Morning Call 轻晨电乐团,12415
Monster KaR,11693
猛虎巧克力,794023
蘑菇兄弟,896489
MT,12000098
蘑菇团,12333
MICappella,759138
梦剧院,12275
MisterLady,857095
梦灵 DREAMSPIRIT,997003
Me2,12289
明骏女孩,12299
Manic Sheep,1019350
MusicFrog青蛙合唱团,1011034
梦之旅,12278
梅林组合,12385
末裔,12368
弥藏,12313
敏感之花,12286
蜜蜂少女队—DUDU&NINI,31155257
庙乐队,1049462
蜜糖先生,13248
蒙安,28391537
冥界,12321
米儿丝,12280
迷幻雪芒果,1032423
Miss Woman,12336
麦组合,12783012
Multi-Ego 猫踢狗 乐队,12366
暮色绽放,11655
蘑菇爸爸和小乖妈妈,30615454
玛啡因,1193439
Minors 半成年,12062068
Most酔原声音乐团,963510
梦幻西游,12263285
美好药店,12258
木吉他,12267
马帮乐队,1084210
妙语清歌,842017
Moi,12926132
Mojo,12305
麋麋乐团,1027018
秘密俱乐部,1205076
昴宿,1178286
MERA,12544752
M.Y乐团,12424
马蹄帮乐团,13486227
眠脑,1019319
米高梅国乐队,28102342
Maggot Colony,980075
马克白,12406
魔音社,12365
南征北战NZBZ,189873
牛奶咖啡,12437
南拳妈妈,12438
男才女貌,12444
N2V,1058125
农夫,12439
那我懂你意思了,12476
廿四味,13762
女子十二乐坊,12447
南无,12465
哪吒乐队,12441
脑浊乐队,12442
NINE PERCENT,15021166
扭曲机器,12436
南歌子,12481
南瓜妮歌迷俱乐部,12475
Noble Band,12289153
尼玛乐队,678001
幻華楽,1054111
南方二重唱,12440
南北方舟,30480980
南二巷乐队,1084163
NINETYNINE 99乐团,826174
鸟撞 Birdstriking,12594165
Nowhere Boys,12644580
Night Keepers 守夜人,12203384
Nylas,12435
逆耳,12502
南方小镇,1046467
那对夫妻,12274326
南合文斗,12453
Nova Heart,12494
男月亮,12466
南拳妈妈NQMM,12035119
内蒙古少年合唱团,1187071
内蒙古青年合唱协会蒙古族青年合唱团,12459
nowhere乐团,1192496
年年红演唱组,12483
女子水晶乐坊,11080
逆流,1047321
女孩与机器人,13067
南海明灯合唱团,12462401
NU'EST-M,942115
柠檬茶演唱组,30111255
No,12443
农村武装青年,12470
暖乐团,12448
女子合唱团,12142043
女声四重唱,12451041
Namigirl,768201
Nower诺尔乐队,1039376
年少,12457
孽子,12451
内蒙古广播合唱团,12477
南希乐团,794414
南王姊妹花,12446
N Girls,1064116
奶油糖组合Candy Cream,12603531
南门音乐,12506
Never Before,999007
N.O.D,12634413
NewCake,1051013
女巫,12496
女子国乐坊,12176090
Nora Says,996554
妮可酱,12053194
男子三乐坊,12452
NewTank,12493
南蟾兄弟,12461
宁玛巴白玉僧众,13498321
No One Remains Virgin,12474
Newz,12455
喃乐队,1074047
南十方乐队,1078418
牛村长团队,12273303
柠檬草乐团,1192490
南沙路口,1124127
男人帮,1178270
Negative50,1084151
NOSENSE无感觉,1079022
怒乐队,1038415
NoFear,1040034
能量兄弟,789839
No Fear,12498
内脏缝合,12507
NO LIE,12478
霓虹木,12491
南台湾小姑娘,12458
No Promise,15021093
女生宿舍,12454
南西乐团,13044113
Nomadic,11086
NG乐队,12503197
南腔北调,30109500
念乐队,12493073
NoHorizon,13057180
南域之声,1049229
男子汉,12998944
宁夏制造,1039681
宁波交响乐团,12608116
偶像练习生,13059577
Odd Couple怪鸳鸯,1039319
ONER,29148386
OOC控制之外,1015208
OMG战队,1020163
Ourself Beside Me,12508
O2O Goddess,1150319
oNEwAY,12510
OCTOBER,13058190
OBSESS,1050099
Old Doll乐队,12520
Overtone,1193420
Original Sin,12525
OT乐团,12513
One Fifth,13213
Online,12512
OK男女合唱团,12529
OP组合,12526
OYT女团,30109227
欧开合唱团,784344
OPF倍速计划,30471247
OVDS,13487164
ORE乐队,15001027
OLDWELL,1077084
O-Band,12409191
Orgasm Denial,12528
OPEN CHAN FAMILY,11984015
overdose,12516
O.F.D,12531
Orthon,11076
欧喷爱,12511
OCS,12502109
OPXSK,12122194
Our Service is Ready,1192445
One More,931006
OOC乐队,1094305
O.M.G组合,850018
OVERDOSE,12521
ong,12514
Osoyi Rizumu,12509
霹雳布袋戏,12639
盘尼西林,900021
平纱落雁音乐团队,999215
坡上村,839563
Ping Pung,12549
葡萄不愤怒,1012004
PIA,12592
平原习作,905176
飘乐队,12537
Popu Lady,687007
PANDA组合,12334329
PUD MUSIC,433848
P.K.14,12532
pentatonic,840471
喷嘭乐团,851210
PB33,12542
痞克四,12536
Project Ace,828124
拍谢少年,12593
per se,12740045
泡泡糖,12545
PNC说唱,4760
屁屁与大肘肘,927054
Parasitic-Eve,1040154
P!SCO,12580
PixelToy,12534
漂亮亲戚,12541
PUNKHOO,12550
怕胖团,12559
皮痛,12557
泼猴,12540
屏东狮子乡草埔国小学童,12543
平行世界,12584
Pink Chimneys乐团,1018038
Power Milk,12930969
Pink Berry,12565
Psycho Killer,12572
Project Early,12533
普米,12563
Pink Haze,12601
Paliulius 乐团,12274036
飘移乐团,675001
派儿,12554
Purple Heart,12548
蒲公英合唱团,12535
普普乐团,12544
皮格子,28390465
Pairs,12567
碰碰狐PINKFONG,31153397
胖子&达叔,28391519
珀组合,12530093
pala乐队,28361239
Play Family,12073329
PRCrew,13161023
Pyroglyphix圣火令,1060065
庞信指挥上海音乐学院管弦乐队,1193167
Poison Air,1046317
潘氏兄妹,1132587
Pilotless Drone,778041
Pink Berry 品客暴力,1023307
Phoema,744029
Pink Stars,1004119
啤酒车,12597
平凡生活,1004015
苹果兄弟,12467234
Parallel Truth,962271
pH,12381014
偏执狂,12599
Profil,12203030
Postm3N,12547
PLAN-S,12023174
PSYCHO SKULL 疯髅,12647840
ProgressiveDigitalStation,1132054
PUZZLETOE,12355136
PEG,1076006
漂流木乐团,12274384
Plastic Heads,1048014
鹏飞梦舞,12155132
葡萄干,1039678
Peace Punk,12023424
林涧,1038082
Project Fading Anchor,1193472
P.O.E.M.,12598
配位体乐队,1039732
Plover,12582
Ponso,544452
苹果派,12546
Point 22,12588
Psycho,12568
Primary Shapes,12560
茄子蛋,1039873
青鸟飞鱼,12604
青蛙,12608
青春美少女,12718
Quark,12656
雀斑,12602
七朵组合,12651
七八点,12603
强辩乐团,12610
巧克力工厂Chocolate Factory,13793226
青年小伙子,13492
企鹅,12636
情歌伴侣,12378070
秋天的虫子,12607
麒麟Baby,1122079
轻松玩,12606
青铜器,12611
青燕子演唱组,12617
乔紫乔,12155216
七音盒,1073034
奇怪的日子,12627
清醒,12605
企鹅熊爱吃鸡肉球,12638
青春有你训练生,31153286
青衣,954558
丘丘邦,12658
丘丘合唱团,12609
青春老少年,1032106
青芒果,12615
潜逃乐队,1015001
青春大卫,220861
穷飞龙,12650
青年,12613
七里蝉组合,12289035
糗事百科,954475
清晨乐团,11974130
ARCPLG 羣岛,30316223
秋裤兄弟,1026137
骑去哪,12641
七号青,12632
乔柯扎布,1049383
全能宝贝组合,27693352
清歌九城,12660
清馨组合,12046012
枪击泼辣,11975170
青岛爱乐少年合唱团,12646
奇幻之旅,12625
奇异果音乐制作团队,30616406
秦磊,12493521
Q-Ki,12618
亲宝文化,30617435
七色光艺术团,12870802
企业团队,31155587
启明星组合,12474162
全男班,11977103
七杯水组合,1156078
柒拾趴乐团,1193431
琪淇姐妹,1049598
七字辈,1019323
emptyytpme,1040042
奇翼果手机乐队,12647
乔榛；丁建华,12634
清华大学学生艺术团合唱队,14881049
秋水茶,12622
QQ糖,12263225
全民造星,30892424
奇克拿ChicKNUP乐团,12154193
青衣组合 ,27696012
企鹅乐团,1050161
仟年蟲组合,13222016
千篇律,1039885
Qsmile组合,12024168
启真湖没名团,1039181
千城醉歌原创音乐团队,1039308
谭心想,1038413
棋盘上的空格,12648
齐天叁喜,806217
强音乐社,12640
清然浊然,12657
秋红,12616
千奇百怪,11081
RAiNBOW计划,1047139
人衣大人,996336
Robynn & Kendy,9263
瑞鸣唱片,840421
如是我闻,12708
Running Blue,13643015
Raidas,12666
软硬天师,12664
热斑乐队,828154
RTA,12689
RPG & NEOSO,13058483
RCVO粤语配音组,1135093
人声兄弟,1132327
ReDor锐豆乐队,787034
Romantic Fear,1094006
RAY,12672
R&B,12669
RockCookies,12676
Roomie,12693
Reborn,12667
RMG组合,14711098
冉冉升起,12080194
人体蜈蚣,851033
Rustic,12679
瑞王坟,12682
热血红娘 ,1050053
人工卫星,12668
RedNoon,12686
燃烧青春乐队,1049494
如来不来,12053037
Rachel Believes In Me,12678
Ripple,12503171
热力组合,11991186
弱势群体乐团,31361619
relic乐队,1057066
Rijan Archer,12409139
Return The Truth,12698
燃弦乐队,12699
阮对庄脚来,12674
Rose Garden,12687
锐印组合,11991185
人山人海,12663
Red Road,1217001
仁翼组合,30531276
Rainbow street,1122173
人造人类,27889564
R.U.F.Z.,1045073
Reset-零彩度,14885056
热浪,1044225
蚋蓓死泪 Rebel Slaves,14471288
溶解,1039677
RGB乐队,12503236
刃记,1024333
阮井弦一,12142112
Rainbow Danger Club,12685
阮泰瑞,1192420
Raflum,12681
Riven乐队,847420
Red Pirates,12704
人鬼殊途,12688
Red Force,12684
苏打绿,12707
S.H.E,12709
Soler,12721
水木年华,12712
SWIN,12143081
SNH48,794014
时光胶囊,855599
树屋女孩,12107270
十二星宿组合,12279825
甜約翰 Sweet John,12948070
四个女生,12816
Sweety,12728
Supper Moment,12864
神木与瞳,12724
SING女团,1132343
狮子LION,12047978
SNH48_HO2,28899339
SpeXial,677003
伤心欲绝,12488166
孙无忧,1074119
Six City,12840
S翼乐团,12763
肆囍乐队,1002084
上海乐团管弦乐队,12970
声音碎片乐队,12710
生命河灵粮堂,12908
山人乐队,12717
丝绒公路,12877
SNH48_7SENSES,12872710
声入人心 成员 ,30529377
诉人音乐团体,792074
深蓝乐团,12740
上海交响乐团,12820
守麦,1041064
声音玩具,12711
S.B.D.W,12733
水母乐队,12747
Faith&wn,1039879
Swing,12720
AllenJ,1101047
闪星Twinkle Star,13056
山鹰组合,12745
霜冻前夜,11565
Summer Sunshine,12866
四枝筆 Four Pens,792422
三维鱼,12960
深白色2人组,12719
神马乐团,12933
时过夏末,12838
苏紫旭&The Paramecia,1045060
释魂乐队（Soul Liberty）,1105122
舌头,12715
树子,12853
Shine,12734
水晶蝶,12757
生命树,12860
丝袜小姐,12716
四分卫,12730
随性乐团,809013
上海越剧院,12950
石榴精神,31154509
Schoolgirl byebye,1194019
十八一心童声合唱团,1015027
瘦人,12727
Super Junior M,673002
上海爱乐民乐团,12892
三藏梵音,896350
山西绛州鼓乐艺术团,12839
孙建平 & Sweet Style,12744
Smooka,1054113
Suutan肃腾,13840716
Soulspeak,1135224
圣以琳音乐事工,12756
上海民族乐团,12824
声子虫,12867
上海老百乐门元老爵士乐队,12142044
STAYCOOL,12846
刘冬虹与沙子乐队,12713
水怕,14119110
Square,12764
水流之音圣乐团,12322335
酸奶,978040
使者,12770
双棒儿,1003005
SHY48,12635556
Super Girls,12958
水琉璃,12799
sp'ACE,12219146
SNP,12815
伞,12901
HAOproduction,12965
叁劈,12948
Selfkill,12735
Snapline,12723
圣之美音乐事工,12942
上海华夏乐团,12911
声体乐团,12557247
少女部落格,12819
Silverbus,12865
羊秘密,12828
逃跑计划,12977
痛仰乐队,12971
The Shanghai Restoration Project,31286
TFBOYS,827728
土不叔叔乐队,12074054
甜梅号,12981
Tension,12983
Tizzy Bac,12973
TONICK,1058078
天堂乐队,12984
Twins,12985
The Fur.,29354323
太极,12992
太阳部落,13084
吐蕃兄弟,12312488
藤乐队,1102294
天使之城,13001
阿修罗,10997
铁风筝,12990
童党乐队Children party,12989
法兹乐队 FAZI,13117
脱拉库,12994
The Verse,886212
TGG,12024542
The Will On Kill,1049278
太极乐队,234293
台风少年团,30110459
糖兄妹,13074
天王星,13041
The 3day,12197135
TANGRAM,28899360
TINGSHIGHUCH,1122036
糖衣娃娃,13109
透明杂志,13082
唐人街乐队,13138
T.O.B戏子,13413
T.R.Y.,12991
天生兄妹,12202210
铁玉兰,13002
天空乐队,13038
偷喜办,1063008
tsingyin,1039031
T.R.Y,187564
The Bright Lights,12023396
火星团,12676362
听雪阁,1032249
腾讯动漫,30615267
Thud,1161089
蜜桃乐队,1039378
TRUE,1120135
汤姆与哈克,13089
铁树兰乐队,13090
The Party,12995
台湾乌克丽丽乐团,13227204
THE KEY,1054135
铁竹堂之PLAYAZ,12218108
偷摸大鸡,13094
铁击,12067013
T.H.P,13304
天织堂,13014
天孪兄弟,13066
太阳风,1049954
天喜果,1063205
甜蜜的孩子,12982
The Big Four,13063
唐茄弄,13012
The Marshmallow Kisses,12979
糖糖乐团,13044
田明卉&袁昊天,1194082
推,862005
Torte Bus,999116
TuT,1089081
台北公案,1193455
天杵,13027
台湾国乐团,12197124
台风,13026
 TRASH,13132
他者,12273423
Time in muscat,13008
特殊任务乐队,220792
天爱之音艺术团,32153372
土豆王国小乐队,30107370
The Carteria,12999
甜蜜旅行乐队,1049213
苔藓,13637
太阳神乐队,1032348
The Yours,13032
太妃堂,721022
Thank You for Getting Lung Cancer,13228498
大主宰乐团TheMaster,12332018
铁幕乐队,1049702
TUX 黑白猫,1137334
天音演唱组,13054
TheTalker大话家,14950736
TheProzaX百忧解乐队,1048015
太空漂移,905321
图腾,12993
Tiankong合唱团,947126
跳房子,12974
TF家族,13159
UNIQ,1015121
UN1组合,1011189
U.TA,13163
U180,5334
Ume band,11973034
UP Girls,13165
U235,13160
uncle2,1106052
US乐团,12006301
Unequal Treaty,13162
U记歌手,13500802
UNDER LOVER,12408254
ucok（麒麟公社）,30315361
UN AVEC DEUX,12274402
United Asians,12467169
Underway,1193394
UV GIRLS,939133
US,11975044
Unique,13161
Unfamiliar Friends Party,13164
Vast & Hazy,12029116
Vanguard Sound,13185
VR-ONE_PLANET,1044125
VOX玩声乐团,881013
V,13173
VRF,13169
V7,1040130
Violet Lens 绀,12214198
VP团,11989084
Virgos室男社,13186
Vivian,794031
Viva Girls,1077086
VP1,12046850
Vianz&Shan葳宣&葳安,1038057
Varuna,13178
V-BAND,13177
V5元素,1120020
V-Girls,28390279
V2,13184
V.N.P.,11984031
V-Day,13176
Varo,13179
五月天,13193
万能青年旅店,13223
顽童MJ116,13200
网易游戏,751129
无印良品,13190
武聆音雄,1019047
伍佰 & China Blue,222871
惘闻,13188
温拿,13197
雾虹,12323159
卧轨的火车（Railway Suicide Train),1016169
吾酷,1102268
王喂马,851015
我心旋律,13265
五条人,938017
未卜乐队,1054178
问乐团,12274307
无级生,13194
无双乐团,975262
袜子小鸡,13281
邬先生乐队,1132219
网易漫画,12273314
五彩呼伦贝尔儿童合唱团,5369
萬重乐队,893283
未完成乐队,1081451
威神V,31053293
温莎森林,1023082
无妄合作社,12817018
White,13198
WoodyWoody,13255
未来脚踏车,13199
Why Not,13261
武汉理工原创音乐工作室,13260
王榆钧与时间乐队,9745
WordySoulspeak,13268
丸子,13205
武虎将,13243
玩具船长,13237
无双,13195
晚间新闻,13203
无限融合乐团,190200
万塘路18号,963176
王者荣耀,12248055
温故知新,1079083
旺财,13202
WhyOceans,13258
佤族乐队,13192
五行元素,13254
瓦依那,1026119
威尔先生乐队,1078305
伍个火枪手乐队,1087009
Waveform Imagination,13274
王俊凯凯泽站,12122213
莴苣先生,1061009
五行,13235
我的男同桌,14586931
The Wasted Years,1038226
Whisper Of Tears,13212
瓦其依合与空行者,12877028
五洲唱响,13228
威镇,13208
微室巨像乐队,14098171
吴永法&何耀伟,13267
WEWE,13214
Who Cares 胡凯儿,30615320
五洲星海,776305
伍个火枪手,13204
微,13201
乌骨山羊,12000040
微甜女孩,12550142
王勃,1045102
王璟&孵化,11600
Wednesday与坏透乐团,30093226
wingirls组合,12191027
我爱美女,1084150
无相乐队,1089177
W.H.Y,13210
网易CC直播,14711076
悟乐队,1050464
玩‍弦四度,1004103
Woodie Alan,13233
微酸的偷窥狂,1004003
Why Lazy,13271
顽乐队,12647741
Wanderlust,13249
问题动物园,1049566
没有星空的学林街,1053044
蛙人组合,12047310
网易考拉小编天团,12448067
唯一,13218
Waterman,13207
WOW,13209
王郑欣音乐工作室学员,14712119
我的女孩,28898361
我爱大佛山合唱团,12278463
伪酒保,13499285
网易浙江-五花肉组合,12098147
WhaaaaasUP!,12403073
乌贼绅士,12047115
网易政治经济文化中心,12107205
新乐尘符,12503194
信乐团,13283
小蓓蕾组合,166005
小旭音乐,900347
小虎队,13286
小娟&山谷里的居民,13279
新裤子,13282
新韵传音,12290115
夏天播放,1006074
汐音社,1170004
旺福,13191
新街口组合,13333
旭日阳刚,13366
小老虎,187462
兄弟本色,1156315
小紫荆儿童合唱团,13321
X玖少年团,12996518
西游乐队,13398
星月组合,1188095
血肉果汁机,1178104
小可团队,12903430
新月合唱团,223716
嘻哈研究生,1049277
小羊诗歌,13374
先知玛莉,12358
熊宝贝,13284
香料,809020
小荧星合唱团,223334
新青年理发厅,991119
嘻游记,1033013
新疆艺术剧院歌舞团,1049173
新雅室内乐,12176166
小熊饼干,13287
兄弟联,13325
仙童,1060242
雪沉乐队,1090021
小天鹅少儿组合,13367
嘻哈包袱铺,955039
香港管弦乐团,13408
相对论乐队,13331
新乐府,12031090
小男孩乐团,1115214
熊猫眼乐队,1132085
消除联萌,12975548
小F4,11568
熊猫团PandaBros,894070
显然乐队,1193436
夏,13328
限制行动乐队,12493017
新香蕉俱乐部,13303
玄乐队,13378
小星星合唱团,13318
向日葵乐队,1102310
戏班,13380
小护士乐团,13301
小雨乐队,858167
小红帽,11987025
小岚云,13386
XjMiracle,1124361
现象师,1047312
新干线乐队,1081761
小舟与旅行者,13363
星号69乐队,12384062
新奇士,1042004
相声瓦舍,13369
小巫师乐队,13370
熊熊儿童合唱团,13323
雪山朗玛,13399
新工人乐团,11407
小亮,12020133
新少年俱乐部,13297
小旭AUV,12614028
小旭乐团,12620032
星球撞树,12122128
星盒子,13415
玄公馆,13349
玄鸟传说,1046205
香港歌剧社合唱团,13317
旋转保龄,850026
新疆木卡姆艺术团,13359
香港道乐团,13377
新声一班,976225
宣道出版社合唱团,13393
小大人,13346
新秀团队,13923026
新雅乐队,28900358
X-TIME,12501103
小于一,1043481
小蓓蕾艺术团,12870320
心跳男孩,13320
星际老男孩,12053310
小爱与花儿乐队,1025290
香港中乐团,13316
夏宇愈混乐队,13289
夕阳武士,11975201
新香水,13290
锡盘街,13295
新四季合唱团,12492227
小米组合,13319
宣南乐队,896340
有声小说,947021
烟把儿,1021160
羽·泉,13418
原子邦妮,1193482
椅子乐团 The Chairs,12029112
月之门,13540
有声读物,954530
一三,962079
云雀合唱团,13489
Yonder Voice,13535
约书亚乐团 Joshua Band,13504
野外合作社,1032146
腰乐队,13421
永动机,13526
亚洲天使童声合唱团,13493
与非门乐队,13419
耀乐团,13531
译乐队,13439
野孩子,13416
元卫觉醒,13426
YELLOW,30469245
于秋璇,13528
衣湿乐队,13529
优客李林,13417
原·味,13431
圆光佛学院众法师,12409237
yourboyfriendsucks!,13549
Young Time（阳台组合）,1051012
液氧罐头,13425
隐藏,13429
有声奶昔,13563
YEPGIRLS,12232101
郁乐队,1018125
夜叉,13427
彝人制造,13445
一指团体Afinger,189836
野地百合,1132829
YHBOYS,12289020
易安音乐社,12356168
眼镜蛇,13436
羽果,13422
雅乐诗唱,13023805
雲道娱乐,990291
颜旭时光,14882066
粤漫三色堇,1135095
音乐2000,13679
艳乐队,13453
鱼尾纹,6227
樱桃帮,13424
宇翔有声出版社,820108
宇宙人,13434
吆拐和吗子,1019365
优我女团,12493450
渔圈,6310
烟头,13496
毅光年,868118
因果兄弟,13454
一奏器乐派,14712117
友情岁月,11975087
彝人传奇,12024407
Yummy,13437
咏吟轩,1043476
愚人船,6179
因可INCHAOS,1088045
玉麟军,13505
鸭打鹅,13506
严玲严莉,12389081
忧欢派对,13442
谜屐,1039635
罂粟花开,1049561
元气,13468
诱导社,13430
雨阳乐队,1057016
优雅的迟到者,996033
异种,13571
余力机构,13446
押韵机械人,13459
樱花姐妹,1132717
伊妹儿,13451
野娃娃乐队,13565
牙龈出血 Gum Bleed,13510
野仔,13449
摇滚主耶稣,11975225
Y.I.Y.O,13438
印象合唱团,13490
夜猫组（Leo王+春艳）,12046279
远东之狮,13527
应许之地 ha-Aretz,13227208
一口乐队,28897294
YnS,11984027
异论,1058209
Yippee_Longer,1044084
月光畅想组合,12323114
亚龙大,13447
谣乐队,858267
有感觉,28659111
萤火虫,13428
一丁一口,13541
有沐音乐,1116316
雨后蛙,13499
展展与罗罗,12475735
至上励合,13584
中国人民解放军军乐团,13593
自然卷,13579
纵贯线,13580
中国国家交响乐团,13638
中央人民广播电台少年广播合唱团,13598
左麟右李,858270
张玮玮和郭龙,173002
中和反应（UR）,27868469
中央民族乐团,13612
张三李四,12047866
指南针,13587
左安西西,861224
正午阳光,13588
中国娃娃,13595
左卡,220811
中国广播民族乐团,13662
中国爱乐乐团,13603
脏理儿DirtyTruth,1050549
正皇旗组合,1043180
中国交响乐团附属少年及女子合唱团,13687
左右乐队,13594
指人儿,13585
中国广播之友合唱团,13698
周休八日,1066083
重庆孩子,12227
沼泽,13590
ZingWay,1098088
中国交响乐团合唱团,13685
中央芭蕾舞团交响乐团,13694
ZERO-G,12024023
张崇基&张崇德,13600
重返袖珍时光,11311
这位太太,13582
紫环,13605
葬尸湖,12118
中国广播少儿合唱团,13702
Zen,13609
战斧乐队,13586
战旗乐队SULD,1094315
重庆华岩寺梵呗音乐团,1115163
再循环乐队,13649
李若瑀和李者,1078052
众乐纪,31156304
周二下午谁没来,1064092
自由发挥,13673
躁音门乐队,1132315
中央合唱团,13688
中国宫廷乐社,1046379
展翼,13613
中国电影乐团民族乐团,864122
中国武警合唱团,13618
郑知文,1046278
珍妮& 高志坚,13644
窒息乐队,13602
自画像乐队,985226
中央音乐学院民族鼓乐团,13715
Zero,13616
中央民族乐团合唱队,13677
炙融合乐团,12740337
浙江交响乐团,12608118
中国红,13668
嘴哥乐团,13692
自由派对,13652
渣泥,13022024
钟氏兄弟,13659
Zpecial,28387237
展荣&展瑞,14104156
中国乒乓球队,12096059
紫冥乐队,783221
Zaliva-D,13643
宅男塾,13619
左左右右,1132659
醉美组合,12074443
中国响姬,13635
柏林的雾,1116134
走了,13633
邹女,13608
Zaouly面具舞团,13228458
芝麻&龙眼,13599
中国歌剧舞剧院交响乐团,13651
自由人,11989083
纸片女孩,13674
中国武警男声合唱团,13645
紫雨,13646
中国阮咸乐团,13669
Zarahn,13615
中国少年弹拨乐团,13704
朱芸霄,1081329
扎扎朵组合,12347238
张荣凯,1043536
中国国家芭蕾舞团交响乐团,12896054
在草地上,13624
张思安,13665
中国爱乐四重奏,13737032
张恒&小易,13626
炁体源流,1078315
织噪,13705
中坚份子,13607
